,date,close,high,low,volume,qav
0,2023-12-14 18:00:01.999,43203.42000000,43208.67000000,43203.42000000,0.39457000,17048.19882620
1,2023-12-14 18:00:02.999,43200.01000000,43202.99000000,43200.00000000,0.51076000,22065.86388360
2,2023-12-14 18:00:03.999,43197.81000000,43200.00000000,43197.81000000,1.87686000,81079.12329590
3,2023-12-14 18:00:04.999,43197.81000000,43197.81000000,43197.80000000,0.14657000,6331.50189400
4,2023-12-14 18:00:05.999,43191.93000000,43197.81000000,43191.93000000,2.41538000,104334.45634900
5,2023-12-14 18:00:06.999,43191.93000000,43191.94000000,43191.93000000,0.28633000,12367.14668860
6,2023-12-14 18:00:07.999,43191.93000000,43191.94000000,43191.93000000,0.27555000,11901.53883240
7,2023-12-14 18:00:08.999,43197.80000000,43197.81000000,43191.94000000,4.01799000,173550.26295870
8,2023-12-14 18:00:09.999,43197.81000000,43197.81000000,43197.80000000,0.01504000,649.69497460
9,2023-12-14 18:00:10.999,43200.03000000,43200.04000000,43197.81000000,1.10654000,47802.49592080
10,2023-12-14 18:00:11.999,43200.04000000,43200.04000000,43200.03000000,0.02721000,1175.47307530
11,2023-12-14 18:00:12.999,43197.50000000,43200.04000000,43197.50000000,1.07171000,46296.83808430
12,2023-12-14 18:00:13.999,43192.30000000,43197.50000000,43192.30000000,0.45124000,19491.28219510
13,2023-12-14 18:00:14.999,43180.86000000,43192.19000000,43180.85000000,4.15244000,179326.64973690
14,2023-12-14 18:00:15.999,43180.07000000,43180.86000000,43176.96000000,1.02527000,44269.92482370
15,2023-12-14 18:00:16.999,43180.06000000,43180.07000000,43180.06000000,0.19744000,8525.47259540
16,2023-12-14 18:00:17.999,43170.58000000,43180.07000000,43167.95000000,1.65240000,71339.16762780
17,2023-12-14 18:00:18.999,43170.58000000,43170.58000000,43170.57000000,0.36805000,15888.93193890
18,2023-12-14 18:00:19.999,43173.41000000,43173.42000000,43173.41000000,0.51777000,22353.89688560
19,2023-12-14 18:00:20.999,43173.42000000,43173.42000000,43173.41000000,0.09540000,4118.74422970
20,2023-12-14 18:00:21.999,43171.24000000,43173.42000000,43171.24000000,0.17432000,7525.98144520
21,2023-12-14 18:00:22.999,43167.88000000,43170.98000000,43167.87000000,0.14080000,6078.05726680
22,2023-12-14 18:00:23.999,43167.88000000,43167.88000000,43167.87000000,0.48194000,20804.32463250
23,2023-12-14 18:00:24.999,43164.67000000,43167.87000000,43164.66000000,0.48128000,20775.40132260
24,2023-12-14 18:00:25.999,43161.11000000,43164.66000000,43161.10000000,1.14305000,49337.99580440
25,2023-12-14 18:00:26.999,43164.20000000,43164.20000000,43161.10000000,0.93460000,40338.76341050
26,2023-12-14 18:00:27.999,43155.06000000,43164.20000000,43155.05000000,0.61154000,26392.77492370
27,2023-12-14 18:00:28.999,43155.06000000,43155.06000000,43155.05000000,0.27011000,11656.61196900
28,2023-12-14 18:00:29.999,43155.06000000,43155.06000000,43155.05000000,0.18050000,7789.48813330
29,2023-12-14 18:00:30.999,43155.05000000,43155.06000000,43155.05000000,0.63349000,27338.29762260
30,2023-12-14 18:00:31.999,43159.28000000,43159.28000000,43155.05000000,0.10318000,4452.80940150
31,2023-12-14 18:00:32.999,43164.70000000,43164.70000000,43159.27000000,0.34169000,14747.28448890
32,2023-12-14 18:00:33.999,43164.70000000,43164.70000000,43164.69000000,0.32471000,14016.00809530
33,2023-12-14 18:00:34.999,43167.88000000,43167.88000000,43164.69000000,5.81119000,250849.16049230
34,2023-12-14 18:00:35.999,43167.87000000,43167.88000000,43167.87000000,0.10672000,4606.87528830
35,2023-12-14 18:00:36.999,43169.68000000,43169.68000000,43167.88000000,1.13672000,49069.80391160
36,2023-12-14 18:00:37.999,43171.10000000,43171.10000000,43169.94000000,1.93208000,83408.72791870
37,2023-12-14 18:00:38.999,43176.97000000,43176.97000000,43171.10000000,0.44883000,19378.44805780
38,2023-12-14 18:00:39.999,43176.97000000,43176.97000000,43176.96000000,0.02451000,1058.26747310
39,2023-12-14 18:00:40.999,43176.97000000,43176.97000000,43176.96000000,0.54011000,23320.30821250
40,2023-12-14 18:00:41.999,43176.96000000,43176.97000000,43176.96000000,1.26191000,54485.44018170
41,2023-12-14 18:00:42.999,43171.57000000,43176.97000000,43171.57000000,1.62233000,70045.81370170
42,2023-12-14 18:00:43.999,43163.98000000,43171.57000000,43163.98000000,2.80972000,121293.19592430
43,2023-12-14 18:00:44.999,43161.83000000,43163.99000000,43161.82000000,0.03352000,1446.82050660
44,2023-12-14 18:00:45.999,43151.25000000,43161.83000000,43151.22000000,1.63046000,70363.67889810
45,2023-12-14 18:00:46.999,43151.25000000,43151.25000000,43151.24000000,0.26801000,11564.96648590
46,2023-12-14 18:00:47.999,43151.25000000,43151.25000000,43151.24000000,0.09681000,4177.47249510
47,2023-12-14 18:00:48.999,43151.24000000,43151.25000000,43151.24000000,1.12073000,48360.89032750
48,2023-12-14 18:00:49.999,43151.25000000,43151.25000000,43151.24000000,0.02283000,985.14290440
49,2023-12-14 18:00:50.999,43151.24000000,43151.25000000,43151.24000000,0.00663000,286.09272480
50,2023-12-14 18:00:51.999,43151.25000000,43151.25000000,43151.24000000,1.01158000,43650.93139160
51,2023-12-14 18:00:52.999,43151.24000000,43151.25000000,43151.24000000,0.15165000,6543.88697370
52,2023-12-14 18:00:53.999,43166.14000000,43166.14000000,43151.24000000,11.37261000,490818.32006720
53,2023-12-14 18:00:54.999,43189.53000000,43197.80000000,43161.82000000,8.61578000,372004.62370510
54,2023-12-14 18:00:55.999,43189.92000000,43189.92000000,43189.54000000,0.27540000,11894.50228790
55,2023-12-14 18:00:56.999,43191.52000000,43194.64000000,43189.92000000,1.96554000,84900.34924330
56,2023-12-14 18:00:57.999,43190.38000000,43191.52000000,43190.37000000,0.34343000,14832.89844800
57,2023-12-14 18:00:58.999,43189.93000000,43190.38000000,43189.93000000,1.09117000,47128.03623560
58,2023-12-14 18:00:59.999,43189.20000000,43189.93000000,43189.20000000,0.49944000,21570.70418940
59,2023-12-14 18:01:00.999,43189.21000000,43189.21000000,43189.20000000,0.45621000,19703.34935050
60,2023-12-14 18:01:01.999,43189.20000000,43189.21000000,43189.20000000,1.30677000,56438.35216640
61,2023-12-14 18:01:02.999,43194.14000000,43194.14000000,43189.21000000,1.32277000,57132.66431320
62,2023-12-14 18:01:03.999,43197.75000000,43197.75000000,43194.13000000,0.07754000,3349.32310140
63,2023-12-14 18:01:04.999,43193.09000000,43197.76000000,43193.08000000,8.40737000,363167.91672840
64,2023-12-14 18:01:05.999,43186.13000000,43193.09000000,43186.13000000,0.71888000,31049.30899670
65,2023-12-14 18:01:06.999,43191.75000000,43191.75000000,43186.13000000,0.03206000,1384.63250460
66,2023-12-14 18:01:07.999,43191.32000000,43191.76000000,43191.32000000,1.74248000,75260.60972300
67,2023-12-14 18:01:08.999,43186.85000000,43191.31000000,43186.84000000,0.61736000,26664.29168130
68,2023-12-14 18:01:09.999,43186.05000000,43186.85000000,43186.04000000,0.76874000,33199.22599240
69,2023-12-14 18:01:10.999,43185.22000000,43186.04000000,43185.22000000,0.88446000,38196.22470840
70,2023-12-14 18:01:11.999,43182.95000000,43185.02000000,43182.95000000,0.58101000,25090.83413650
71,2023-12-14 18:01:12.999,43179.29000000,43182.95000000,43175.91000000,0.69120000,29845.77495070
72,2023-12-14 18:01:13.999,43182.15000000,43182.15000000,43179.29000000,0.04650000,2007.92445600
73,2023-12-14 18:01:14.999,43180.22000000,43182.15000000,43180.22000000,1.50917000,65168.23102130
74,2023-12-14 18:01:15.999,43179.30000000,43179.55000000,43179.30000000,0.01639000,707.71034700
75,2023-12-14 18:01:16.999,43182.01000000,43182.01000000,43176.29000000,1.15915000,50051.42311040
76,2023-12-14 18:01:17.999,43182.01000000,43182.02000000,43182.01000000,1.03867000,44851.85845800
77,2023-12-14 18:01:18.999,43182.01000000,43182.02000000,43182.01000000,0.02354000,1016.50454850
78,2023-12-14 18:01:19.999,43182.01000000,43182.02000000,43182.01000000,0.22111000,9547.97423830
79,2023-12-14 18:01:20.999,43179.86000000,43182.02000000,43179.85000000,0.80744000,34866.81901940
80,2023-12-14 18:01:21.999,43179.86000000,43179.86000000,43179.86000000,0.00109000,47.06604740
81,2023-12-14 18:01:22.999,43182.02000000,43182.02000000,43179.85000000,0.97661000,42170.36003410
82,2023-12-14 18:01:23.999,43182.02000000,43182.02000000,43182.01000000,0.22791000,9841.61415630
83,2023-12-14 18:01:24.999,43182.02000000,43182.02000000,43182.01000000,1.50335000,64917.67976700
84,2023-12-14 18:01:25.999,43182.02000000,43182.02000000,43182.01000000,0.02257000,974.61809250
85,2023-12-14 18:01:26.999,43182.01000000,43182.02000000,43182.01000000,0.22000000,9500.04226710
86,2023-12-14 18:01:27.999,43179.85000000,43182.01000000,43179.85000000,3.49093000,150743.74024640
87,2023-12-14 18:01:28.999,43179.86000000,43179.86000000,43179.85000000,0.06971000,3010.06768540
88,2023-12-14 18:01:29.999,43179.86000000,43179.86000000,43179.85000000,0.11165000,4821.03136100
89,2023-12-14 18:01:30.999,43177.70000000,43179.86000000,43177.70000000,0.46950000,20272.92240530
90,2023-12-14 18:01:31.999,43177.71000000,43177.71000000,43177.70000000,1.97046000,85079.95040720
91,2023-12-14 18:01:32.999,43177.70000000,43177.71000000,43177.70000000,0.20308000,8768.52931820
92,2023-12-14 18:01:33.999,43175.66000000,43177.71000000,43175.66000000,0.73251000,31628.05066190
93,2023-12-14 18:01:34.999,43172.55000000,43175.66000000,43172.55000000,0.84114000,36314.22599820
94,2023-12-14 18:01:35.999,43172.56000000,43172.56000000,43172.55000000,0.05186000,2238.92865110
95,2023-12-14 18:01:36.999,43172.56000000,43172.56000000,43172.55000000,0.02159000,932.09535830
96,2023-12-14 18:01:37.999,43169.16000000,43172.56000000,43169.16000000,1.94680000,84045.77720540
97,2023-12-14 18:01:38.999,43172.53000000,43172.53000000,43169.16000000,0.43182000,18641.33690880
98,2023-12-14 18:01:39.999,43172.53000000,43172.54000000,43172.53000000,0.02424000,1046.50231330
99,2023-12-14 18:01:40.999,43169.15000000,43172.54000000,43169.15000000,1.49800000,64672.43514840
100,2023-12-14 18:01:41.999,43168.91000000,43168.91000000,43168.90000000,0.01539000,664.36944610
101,2023-12-14 18:01:42.999,43168.90000000,43168.91000000,43168.90000000,0.01300000,561.19579880
102,2023-12-14 18:01:43.999,43165.84000000,43168.91000000,43165.83000000,1.65088000,71264.22725590
103,2023-12-14 18:01:44.999,43165.84000000,43165.84000000,43165.83000000,0.76654000,33088.34085790
104,2023-12-14 18:01:45.999,43162.67000000,43165.84000000,43162.66000000,0.43909000,18953.29672880
105,2023-12-14 18:01:46.999,43162.67000000,43162.67000000,43162.66000000,0.03879000,1674.27961470
106,2023-12-14 18:01:47.999,43162.67000000,43162.67000000,43162.66000000,0.08665000,3740.04449150
107,2023-12-14 18:01:48.999,43162.67000000,43162.67000000,43162.66000000,0.08461000,3651.99348540
108,2023-12-14 18:01:49.999,43156.97000000,43162.66000000,43156.97000000,3.17636000,137094.24782030
109,2023-12-14 18:01:50.999,43151.48000000,43156.98000000,43151.48000000,0.53787000,23212.62331190
110,2023-12-14 18:01:51.999,43151.49000000,43151.49000000,43151.48000000,0.01837000,792.69272070
111,2023-12-14 18:01:52.999,43145.48000000,43151.49000000,43145.47000000,1.99608000,86132.35632900
112,2023-12-14 18:01:53.999,43126.73000000,43145.48000000,43124.66000000,9.30638000,401456.71680470
113,2023-12-14 18:01:54.999,43127.99000000,43128.00000000,43123.61000000,0.95758000,41294.68444930
114,2023-12-14 18:01:55.999,43139.60000000,43139.60000000,43127.99000000,1.86005000,80229.21230790
115,2023-12-14 18:01:56.999,43135.77000000,43139.59000000,43135.77000000,1.88374000,81261.72963130
116,2023-12-14 18:01:57.999,43135.78000000,43135.78000000,43135.77000000,0.06160000,2657.16362720
117,2023-12-14 18:01:58.999,43135.77000000,43135.77000000,43135.77000000,1.11860000,48251.67232200
118,2023-12-14 18:01:59.999,43139.59000000,43139.60000000,43135.77000000,0.18279000,7885.11751070
119,2023-12-14 18:02:00.999,43139.60000000,43139.60000000,43139.59000000,0.09925000,4281.60470450
120,2023-12-14 18:02:01.999,43134.21000000,43139.59000000,43134.20000000,1.01086000,43604.74414950
121,2023-12-14 18:02:02.999,43134.21000000,43134.21000000,43134.21000000,0.01451000,625.87738710
122,2023-12-14 18:02:03.999,43151.51000000,43151.51000000,43134.21000000,1.71319000,73915.60877680
123,2023-12-14 18:02:04.999,43156.16000000,43156.16000000,43151.50000000,1.53338000,66167.69380590
124,2023-12-14 18:02:05.999,43156.15000000,43156.16000000,43156.15000000,0.72271000,31189.38812900
125,2023-12-14 18:02:06.999,43146.69000000,43156.15000000,43146.68000000,3.67869000,158752.75318970
126,2023-12-14 18:02:07.999,43141.11000000,43146.68000000,43141.10000000,0.31926000,13773.78828800
127,2023-12-14 18:02:08.999,43139.00000000,43141.11000000,43139.00000000,0.11885000,5127.30430120
128,2023-12-14 18:02:09.999,43138.97000000,43138.98000000,43138.97000000,0.03468000,1496.05973200
129,2023-12-14 18:02:10.999,43138.97000000,43138.98000000,43138.97000000,0.04389000,1893.36944810
130,2023-12-14 18:02:11.999,43137.45000000,43138.97000000,43137.44000000,0.10198000,4399.26980200
131,2023-12-14 18:02:12.999,43137.44000000,43137.45000000,43137.44000000,0.10677000,4605.78491210
132,2023-12-14 18:02:13.999,43137.44000000,43137.44000000,43137.44000000,1.43319000,61824.14763360
133,2023-12-14 18:02:14.999,43137.45000000,43137.45000000,43137.44000000,0.52047000,22451.74855590
134,2023-12-14 18:02:15.999,43140.00000000,43140.00000000,43137.45000000,0.08322000,3589.93676040
135,2023-12-14 18:02:16.999,43140.00000000,43140.00000000,43139.99000000,1.00548000,43376.39716380
136,2023-12-14 18:02:17.999,43131.16000000,43140.00000000,43131.15000000,1.53471000,66205.25959740
137,2023-12-14 18:02:18.999,43131.16000000,43131.16000000,43131.15000000,0.04922000,2122.91544320
138,2023-12-14 18:02:19.999,43131.16000000,43131.16000000,43131.15000000,0.04035000,1740.34230360
139,2023-12-14 18:02:20.999,43131.16000000,43131.16000000,43131.15000000,0.07083000,3054.97990690
140,2023-12-14 18:02:21.999,43131.15000000,43131.16000000,43131.15000000,0.29601000,12767.25177770
141,2023-12-14 18:02:22.999,43127.31000000,43131.16000000,43127.30000000,0.59207000,25536.28952390
142,2023-12-14 18:02:23.999,43121.21000000,43127.31000000,43121.21000000,0.89734000,38699.12549430
143,2023-12-14 18:02:24.999,43121.22000000,43121.22000000,43121.21000000,0.59196000,25526.03726710
144,2023-12-14 18:02:25.999,43121.22000000,43121.22000000,43121.21000000,0.16316000,7035.65819610
145,2023-12-14 18:02:26.999,43129.63000000,43129.64000000,43121.22000000,2.76399000,119202.79062340
146,2023-12-14 18:02:27.999,43129.64000000,43129.64000000,43129.63000000,0.03054000,1317.17917490
147,2023-12-14 18:02:28.999,43129.63000000,43129.64000000,43129.63000000,1.02644000,44269.97747410
148,2023-12-14 18:02:29.999,43135.25000000,43135.25000000,43129.64000000,0.86816000,37443.71190340
149,2023-12-14 18:02:30.999,43135.25000000,43135.25000000,43135.24000000,0.04124000,1778.89749830
150,2023-12-14 18:02:31.999,43135.24000000,43135.25000000,43135.24000000,1.01690000,43864.22571520
151,2023-12-14 18:02:32.999,43135.25000000,43135.25000000,43135.25000000,0.00359000,154.85554750
152,2023-12-14 18:02:33.999,43135.24000000,43135.25000000,43135.24000000,2.02453000,87328.58751060
153,2023-12-14 18:02:34.999,43133.08000000,43135.24000000,43133.08000000,1.63496000,70522.98918540
154,2023-12-14 18:02:35.999,43133.09000000,43133.09000000,43133.08000000,0.01205000,519.75371620
155,2023-12-14 18:02:36.999,43135.24000000,43135.24000000,43133.08000000,0.14484000,6247.40188810
156,2023-12-14 18:02:37.999,43135.25000000,43135.25000000,43135.24000000,1.02197000,44082.92138880
157,2023-12-14 18:02:38.999,43135.24000000,43135.25000000,43135.24000000,0.02400000,1035.24585610
158,2023-12-14 18:02:39.999,43135.25000000,43135.25000000,43135.24000000,0.03994000,1722.82161350
159,2023-12-14 18:02:40.999,43144.34000000,43144.34000000,43135.24000000,2.98511000,128772.56680610
160,2023-12-14 18:02:41.999,43144.33000000,43144.34000000,43144.33000000,1.49007000,64288.07194810
161,2023-12-14 18:02:42.999,43149.92000000,43149.92000000,43144.34000000,0.65937000,28448.16188040
162,2023-12-14 18:02:43.999,43150.00000000,43150.00000000,43150.00000000,0.01833000,790.93950000
163,2023-12-14 18:02:44.999,43150.00000000,43150.00000000,43149.99000000,1.53629000,66290.90343010
164,2023-12-14 18:02:45.999,43150.00000000,43150.00000000,43149.99000000,0.02610000,1126.21488650
165,2023-12-14 18:02:46.999,43149.99000000,43150.00000000,43149.99000000,0.39040000,16845.75649220
166,2023-12-14 18:02:47.999,43148.98000000,43149.99000000,43148.97000000,0.64604000,27876.56922660
167,2023-12-14 18:02:48.999,43148.97000000,43148.97000000,43148.97000000,0.00782000,337.42494540
168,2023-12-14 18:02:49.999,43148.98000000,43148.98000000,43148.97000000,0.01797000,775.38711370
169,2023-12-14 18:02:50.999,43148.97000000,43148.98000000,43148.97000000,1.00367000,43307.32673140
170,2023-12-14 18:02:51.999,43147.54000000,43148.98000000,43147.54000000,1.10159000,47532.11618900
171,2023-12-14 18:02:52.999,43147.54000000,43147.54000000,43147.54000000,0.04731000,2041.31011740
172,2023-12-14 18:02:53.999,43141.06000000,43147.54000000,43141.05000000,1.36768000,59010.11412300
173,2023-12-14 18:02:54.999,43145.45000000,43145.46000000,43140.57000000,1.13543000,48985.38774120
174,2023-12-14 18:02:55.999,43145.46000000,43145.46000000,43145.46000000,0.00645000,278.28821700
175,2023-12-14 18:02:56.999,43145.45000000,43145.46000000,43145.45000000,1.00062000,43172.20018400
176,2023-12-14 18:02:57.999,43145.45000000,43145.46000000,43145.45000000,0.11257000,4856.88423850
177,2023-12-14 18:02:58.999,43145.45000000,43145.45000000,43145.45000000,0.00000000,0.00000000
178,2023-12-14 18:02:59.999,43145.45000000,43145.46000000,43145.45000000,1.06920000,46131.11539340
179,2023-12-14 18:03:00.999,43138.85000000,43145.46000000,43138.85000000,1.52086000,65616.93837540
180,2023-12-14 18:03:01.999,43138.85000000,43138.86000000,43138.85000000,0.09811000,4232.35260840
181,2023-12-14 18:03:02.999,43138.86000000,43138.86000000,43138.85000000,0.45827000,19769.24535700
182,2023-12-14 18:03:03.999,43161.10000000,43161.10000000,43136.50000000,12.00190000,517790.04289510
183,2023-12-14 18:03:04.999,43166.56000000,43166.57000000,43161.10000000,3.76073000,162329.41484480
184,2023-12-14 18:03:05.999,43166.56000000,43166.57000000,43166.56000000,0.30823000,13305.23172460
185,2023-12-14 18:03:06.999,43166.57000000,43166.57000000,43166.56000000,1.25087000,53995.75731590
186,2023-12-14 18:03:07.999,43166.57000000,43166.57000000,43166.56000000,0.41658000,17982.32877540
187,2023-12-14 18:03:08.999,43166.57000000,43166.57000000,43166.57000000,0.04569000,1972.28058330
188,2023-12-14 18:03:09.999,43166.57000000,43166.57000000,43166.57000000,0.02905000,1253.98885850
189,2023-12-14 18:03:10.999,43162.46000000,43166.56000000,43162.46000000,4.03608000,174219.93356880
190,2023-12-14 18:03:11.999,43164.96000000,43164.96000000,43162.47000000,0.14016000,6049.67348470
191,2023-12-14 18:03:12.999,43164.96000000,43164.96000000,43164.95000000,0.06542000,2823.85154210
192,2023-12-14 18:03:13.999,43163.99000000,43164.96000000,43163.99000000,2.13832000,92300.47661690
193,2023-12-14 18:03:14.999,43163.99000000,43164.00000000,43163.99000000,0.71350000,30797.51386510
194,2023-12-14 18:03:15.999,43164.00000000,43164.00000000,43164.00000000,0.02316000,999.67824000
195,2023-12-14 18:03:16.999,43163.99000000,43164.00000000,43163.99000000,1.16236000,50172.09582630
196,2023-12-14 18:03:17.999,43164.00000000,43164.00000000,43163.99000000,0.21002000,9065.30324550
197,2023-12-14 18:03:18.999,43163.99000000,43164.00000000,43163.99000000,0.01168000,504.15550090
198,2023-12-14 18:03:19.999,43154.95000000,43163.99000000,43154.94000000,2.98589000,128874.31710660
199,2023-12-14 18:03:20.999,43154.94000000,43154.95000000,43154.94000000,0.00518000,223.54259550
200,2023-12-14 18:03:21.999,43154.95000000,43154.95000000,43154.95000000,0.38783000,16736.78425850
201,2023-12-14 18:03:22.999,43152.79000000,43154.94000000,43152.78000000,1.15603000,49888.24483490
202,2023-12-14 18:03:23.999,43152.78000000,43152.78000000,43152.78000000,0.00026000,11.21972280
203,2023-12-14 18:03:24.999,43152.79000000,43152.79000000,43152.78000000,0.51460000,22206.42568000
204,2023-12-14 18:03:25.999,43152.79000000,43152.79000000,43152.78000000,1.07869000,46548.47298310
205,2023-12-14 18:03:26.999,43152.79000000,43152.79000000,43152.79000000,0.03824000,1650.16268960
206,2023-12-14 18:03:27.999,43152.79000000,43152.79000000,43152.79000000,0.04381000,1890.52372990
207,2023-12-14 18:03:28.999,43151.11000000,43152.79000000,43151.10000000,1.08098000,46647.06812770
208,2023-12-14 18:03:29.999,43151.21000000,43151.22000000,43144.39000000,5.93467000,256057.24520420
209,2023-12-14 18:03:30.999,43153.29000000,43153.30000000,43151.21000000,0.71120000,30689.65265190
210,2023-12-14 18:03:31.999,43155.07000000,43155.07000000,43153.29000000,1.20913000,52179.89928820
211,2023-12-14 18:03:32.999,43155.07000000,43155.07000000,43155.06000000,0.56652000,24448.21024490
212,2023-12-14 18:03:33.999,43155.07000000,43155.07000000,43155.06000000,0.01279000,551.95327350
213,2023-12-14 18:03:34.999,43155.07000000,43155.07000000,43155.06000000,1.55022000,66899.84260240
214,2023-12-14 18:03:35.999,43155.07000000,43155.07000000,43155.06000000,0.04242000,1830.63766940
215,2023-12-14 18:03:36.999,43155.06000000,43155.07000000,43155.06000000,0.07011000,3025.60146290
216,2023-12-14 18:03:37.999,43158.90000000,43158.91000000,43155.07000000,1.33453000,57596.03049830
217,2023-12-14 18:03:38.999,43158.90000000,43158.91000000,43158.90000000,0.66214000,28577.24053990
218,2023-12-14 18:03:39.999,43158.91000000,43158.91000000,43158.90000000,0.00338000,145.87709470
219,2023-12-14 18:03:40.999,43162.70000000,43162.70000000,43158.90000000,0.34312000,14809.55709260
220,2023-12-14 18:03:41.999,43162.70000000,43162.70000000,43162.70000000,0.40118000,17316.01198600
221,2023-12-14 18:03:42.999,43162.69000000,43162.70000000,43162.69000000,1.56819000,67687.29886580
222,2023-12-14 18:03:43.999,43162.69000000,43162.70000000,43162.69000000,0.00479000,206.74929330
223,2023-12-14 18:03:44.999,43162.62000000,43162.69000000,43162.61000000,1.54720000,66781.27795680
224,2023-12-14 18:03:45.999,43159.29000000,43162.62000000,43159.28000000,0.83594000,36080.67736730
225,2023-12-14 18:03:46.999,43159.28000000,43159.28000000,43159.28000000,0.06216000,2682.78084480
226,2023-12-14 18:03:47.999,43159.29000000,43159.29000000,43159.28000000,1.14004000,49203.30681240
227,2023-12-14 18:03:48.999,43159.29000000,43159.29000000,43159.29000000,0.00000000,0.00000000
228,2023-12-14 18:03:49.999,43155.38000000,43159.28000000,43155.38000000,0.72219000,31168.19725310
229,2023-12-14 18:03:50.999,43155.16000000,43155.17000000,43155.16000000,0.00885000,381.92324990
230,2023-12-14 18:03:51.999,43155.17000000,43155.17000000,43155.16000000,0.01255000,541.59735660
231,2023-12-14 18:03:52.999,43155.07000000,43155.16000000,43155.07000000,0.01186000,511.82014220
232,2023-12-14 18:03:53.999,43153.64000000,43155.07000000,43153.64000000,1.00775000,43488.86601590
233,2023-12-14 18:03:54.999,43153.64000000,43153.65000000,43153.64000000,0.50601000,21836.17843430
234,2023-12-14 18:03:55.999,43151.58000000,43153.65000000,43151.57000000,0.60560000,26133.77939840
235,2023-12-14 18:03:56.999,43151.58000000,43151.58000000,43151.58000000,0.10765000,4645.26758700
236,2023-12-14 18:03:57.999,43151.58000000,43151.58000000,43151.57000000,0.03014000,1300.58851510
237,2023-12-14 18:03:58.999,43151.57000000,43151.58000000,43151.57000000,0.15126000,6527.10655520
238,2023-12-14 18:03:59.999,43151.49000000,43151.58000000,43151.48000000,1.06234000,45841.61884310
239,2023-12-14 18:04:00.999,43151.49000000,43151.49000000,43151.48000000,0.02991000,1290.66094450
240,2023-12-14 18:04:01.999,43151.48000000,43151.49000000,43151.48000000,0.00426000,183.82533470
241,2023-12-14 18:04:02.999,43150.34000000,43151.48000000,43150.33000000,0.88810000,38322.66059320
242,2023-12-14 18:04:03.999,43150.34000000,43150.34000000,43150.33000000,0.02244000,968.29362370
243,2023-12-14 18:04:04.999,43150.33000000,43150.34000000,43150.33000000,0.80900000,34908.62255210
244,2023-12-14 18:04:05.999,43150.34000000,43150.34000000,43150.33000000,1.03414000,44623.48233240
245,2023-12-14 18:04:06.999,43150.34000000,43150.34000000,43150.33000000,0.22399000,9665.24464240
246,2023-12-14 18:04:07.999,43150.33000000,43150.34000000,43150.33000000,0.07631000,3292.80219120
247,2023-12-14 18:04:08.999,43148.17000000,43150.34000000,43148.17000000,0.41203000,17779.15916150
248,2023-12-14 18:04:09.999,43148.16000000,43148.17000000,43148.16000000,1.00468000,43350.10341730
249,2023-12-14 18:04:10.999,43148.17000000,43148.17000000,43148.16000000,0.07325000,3160.60332970
250,2023-12-14 18:04:11.999,43146.84000000,43148.17000000,43146.84000000,1.07394000,46337.94567930
251,2023-12-14 18:04:12.999,43133.03000000,43146.83000000,43133.03000000,4.21247000,181743.50145060
252,2023-12-14 18:04:13.999,43114.69000000,43133.02000000,43112.76000000,2.45848000,106004.05428680
253,2023-12-14 18:04:14.999,43116.47000000,43116.47000000,43114.68000000,1.22280000,52720.70882840
254,2023-12-14 18:04:15.999,43116.47000000,43116.47000000,43116.46000000,0.32404000,13971.46083410
255,2023-12-14 18:04:16.999,43116.47000000,43116.47000000,43116.46000000,0.70536000,30412.63327610
256,2023-12-14 18:04:17.999,43127.30000000,43127.30000000,43116.46000000,3.63133000,156576.00780220
257,2023-12-14 18:04:18.999,43127.36000000,43127.37000000,43127.36000000,0.66106000,28509.77276930
258,2023-12-14 18:04:19.999,43127.37000000,43127.37000000,43127.36000000,0.25872000,11157.91303840
259,2023-12-14 18:04:20.999,43123.65000000,43127.37000000,43123.65000000,2.13136000,91919.83380540
260,2023-12-14 18:04:21.999,43118.72000000,43123.65000000,43118.72000000,0.45164000,19475.88242050
261,2023-12-14 18:04:22.999,43118.73000000,43118.73000000,43118.72000000,0.23842000,10280.36759240
262,2023-12-14 18:04:23.999,43117.88000000,43118.73000000,43117.87000000,1.03276000,44531.02100050
263,2023-12-14 18:04:24.999,43110.99000000,43117.88000000,43110.98000000,1.46696000,63243.77070340
264,2023-12-14 18:04:25.999,43108.86000000,43110.99000000,43108.85000000,0.08593000,3704.37055830
265,2023-12-14 18:04:26.999,43108.86000000,43108.86000000,43108.85000000,0.18402000,7932.89239150
266,2023-12-14 18:04:27.999,43108.86000000,43108.86000000,43108.85000000,0.04468000,1926.10359210
267,2023-12-14 18:04:28.999,43109.71000000,43109.71000000,43108.85000000,0.59786000,25773.11919440
268,2023-12-14 18:04:29.999,43103.94000000,43109.72000000,43103.93000000,4.54531000,195944.00450520
269,2023-12-14 18:04:30.999,43103.94000000,43103.94000000,43103.93000000,0.24314000,10480.29192120
270,2023-12-14 18:04:31.999,43101.55000000,43103.93000000,43101.54000000,0.67436000,29066.03054320
271,2023-12-14 18:04:32.999,43101.54000000,43101.55000000,43101.54000000,1.52300000,65643.64830180
272,2023-12-14 18:04:33.999,43101.54000000,43101.55000000,43101.54000000,1.20596000,51978.73501110
273,2023-12-14 18:04:34.999,43101.54000000,43101.55000000,43101.54000000,0.50344000,21699.03932890
274,2023-12-14 18:04:35.999,43101.55000000,43101.55000000,43101.54000000,1.05283000,45378.59487680
275,2023-12-14 18:04:36.999,43101.55000000,43101.55000000,43101.54000000,0.01751000,754.70798860
276,2023-12-14 18:04:37.999,43101.55000000,43101.55000000,43101.54000000,0.02550000,1099.08941850
277,2023-12-14 18:04:38.999,43096.15000000,43101.54000000,43096.14000000,2.63799000,113696.94771940
278,2023-12-14 18:04:39.999,43096.15000000,43096.15000000,43096.14000000,0.05603000,2414.67711540
279,2023-12-14 18:04:40.999,43096.15000000,43096.15000000,43096.14000000,0.13515000,5824.44467050
280,2023-12-14 18:04:41.999,43095.24000000,43096.14000000,43095.23000000,0.44741000,19281.49750880
281,2023-12-14 18:04:42.999,43091.68000000,43095.24000000,43091.68000000,0.30421000,13109.81659680
282,2023-12-14 18:04:43.999,43091.69000000,43091.69000000,43091.68000000,0.63881000,27527.40244070
283,2023-12-14 18:04:44.999,43088.27000000,43091.68000000,43088.26000000,2.37448000,102315.21940950
284,2023-12-14 18:04:45.999,43091.14000000,43091.14000000,43088.27000000,2.05103000,88377.39170870
285,2023-12-14 18:04:46.999,43091.68000000,43091.68000000,43091.13000000,0.90748000,39104.43287750
286,2023-12-14 18:04:47.999,43094.38000000,43094.39000000,43091.68000000,0.77221000,33277.34417070
287,2023-12-14 18:04:48.999,43094.38000000,43094.38000000,43094.38000000,1.00071000,43124.97700980
288,2023-12-14 18:04:49.999,43094.38000000,43094.39000000,43094.38000000,0.04940000,2128.86241120
289,2023-12-14 18:04:50.999,43098.96000000,43098.96000000,43094.38000000,2.84346000,122541.98352860
290,2023-12-14 18:04:51.999,43098.96000000,43098.96000000,43098.95000000,1.07555000,46355.07570210
291,2023-12-14 18:04:52.999,43138.85000000,43138.85000000,43098.95000000,12.98950000,560015.13451170
292,2023-12-14 18:04:53.999,43139.34000000,43139.35000000,43131.39000000,0.85473000,36867.54004610
293,2023-12-14 18:04:54.999,43137.55000000,43139.35000000,43137.55000000,3.81878000,164739.16100040
294,2023-12-14 18:04:55.999,43133.01000000,43137.56000000,43133.01000000,0.77054000,33237.78353880
295,2023-12-14 18:04:56.999,43133.01000000,43133.02000000,43133.01000000,0.25578000,11032.56379280
296,2023-12-14 18:04:57.999,43133.02000000,43133.02000000,43133.01000000,1.02952000,44406.29648770
297,2023-12-14 18:04:58.999,43133.01000000,43133.02000000,43133.01000000,0.01356000,584.88367320
298,2023-12-14 18:04:59.999,43133.01000000,43133.02000000,43133.01000000,0.36177000,15604.23123710
299,2023-12-14 18:05:00.999,43132.80000000,43133.02000000,43132.79000000,1.10066000,47474.66391240
300,2023-12-14 18:05:01.999,43129.02000000,43132.80000000,43129.01000000,0.99487000,42910.46701490
301,2023-12-14 18:05:02.999,43126.26000000,43129.02000000,43121.38000000,1.29657000,55916.46719810
302,2023-12-14 18:05:03.999,43126.26000000,43126.26000000,43126.25000000,0.53420000,23038.04792030
303,2023-12-14 18:05:04.999,43122.35000000,43126.26000000,43122.35000000,1.95703000,84399.28944130
304,2023-12-14 18:05:05.999,43122.35000000,43122.35000000,43122.34000000,0.36581000,15774.58649420
305,2023-12-14 18:05:06.999,43128.33000000,43128.33000000,43122.34000000,1.56683000,67566.33955300
306,2023-12-14 18:05:07.999,43129.64000000,43129.64000000,43128.33000000,1.12727000,48617.36821140
307,2023-12-14 18:05:08.999,43137.55000000,43137.55000000,43129.90000000,0.49643000,21412.66447230
308,2023-12-14 18:05:09.999,43135.45000000,43137.55000000,43135.45000000,1.74375000,75220.56723360
309,2023-12-14 18:05:10.999,43134.54000000,43134.55000000,43134.54000000,0.27426000,11830.08165500
310,2023-12-14 18:05:11.999,43134.54000000,43134.54000000,43134.54000000,0.00257000,110.85576780
311,2023-12-14 18:05:12.999,43134.54000000,43134.55000000,43134.54000000,1.18187000,50979.42033110
312,2023-12-14 18:05:13.999,43138.47000000,43138.47000000,43134.54000000,2.71803000,117241.96897070
313,2023-12-14 18:05:14.999,43140.29000000,43140.30000000,43138.47000000,0.53794000,23206.39399780
314,2023-12-14 18:05:15.999,43140.29000000,43140.29000000,43140.29000000,2.00000000,86280.58000000
315,2023-12-14 18:05:16.999,43135.32000000,43140.29000000,43135.32000000,0.48584000,20959.21561880
316,2023-12-14 18:05:17.999,43135.32000000,43135.33000000,43135.32000000,0.40189000,17335.65744470
317,2023-12-14 18:05:18.999,43135.33000000,43135.33000000,43135.32000000,0.56105000,24201.07687650
318,2023-12-14 18:05:19.999,43137.14000000,43137.15000000,43135.33000000,1.01919000,43963.22656600
319,2023-12-14 18:05:20.999,43137.15000000,43137.15000000,43137.14000000,0.16902000,7291.04003970
320,2023-12-14 18:05:21.999,43138.46000000,43138.46000000,43137.15000000,1.05668000,45583.49178350
321,2023-12-14 18:05:22.999,43138.46000000,43138.46000000,43138.45000000,1.04810000,45213.41990700
322,2023-12-14 18:05:23.999,43135.34000000,43138.45000000,43135.33000000,5.18602000,223713.87211490
323,2023-12-14 18:05:24.999,43134.58000000,43135.34000000,43134.58000000,0.38144000,16453.53504840
324,2023-12-14 18:05:25.999,43134.55000000,43134.55000000,43134.55000000,0.07070000,3049.61268500
325,2023-12-14 18:05:26.999,43134.55000000,43134.55000000,43134.54000000,0.08500000,3666.43616280
326,2023-12-14 18:05:27.999,43132.91000000,43134.55000000,43132.91000000,1.10227000,47545.88455910
327,2023-12-14 18:05:28.999,43132.91000000,43132.91000000,43132.90000000,0.16221000,6996.58912400
328,2023-12-14 18:05:29.999,43132.91000000,43132.91000000,43132.90000000,0.13843000,5970.88872210
329,2023-12-14 18:05:30.999,43132.91000000,43132.91000000,43132.90000000,0.10830000,4671.29307410
330,2023-12-14 18:05:31.999,43132.90000000,43132.91000000,43132.90000000,0.00885000,381.72624100
331,2023-12-14 18:05:32.999,43124.70000000,43132.90000000,43124.70000000,6.94242000,299421.21440050
332,2023-12-14 18:05:33.999,43123.81000000,43124.44000000,43123.81000000,1.19325000,51457.49329600
333,2023-12-14 18:05:34.999,43123.81000000,43123.82000000,43123.81000000,0.48373000,20860.28346560
334,2023-12-14 18:05:35.999,43123.82000000,43123.82000000,43123.81000000,1.00588000,43377.37803200
335,2023-12-14 18:05:36.999,43123.82000000,43123.82000000,43123.81000000,0.00844000,363.96496540
336,2023-12-14 18:05:37.999,43123.82000000,43123.82000000,43123.81000000,0.00638000,275.12996880
337,2023-12-14 18:05:38.999,43121.30000000,43123.82000000,43121.30000000,1.61276000,69547.31976540
338,2023-12-14 18:05:39.999,43121.29000000,43121.29000000,43121.29000000,0.01099000,473.90297710
339,2023-12-14 18:05:40.999,43121.30000000,43121.30000000,43121.29000000,0.01717000,740.39271900
340,2023-12-14 18:05:41.999,43121.29000000,43121.30000000,43121.29000000,1.02158000,44051.84764760
341,2023-12-14 18:05:42.999,43121.29000000,43121.29000000,43121.29000000,0.00074000,31.90975460
342,2023-12-14 18:05:43.999,43121.30000000,43121.30000000,43121.29000000,0.50106000,21606.35857340
343,2023-12-14 18:05:44.999,43121.24000000,43121.29000000,43121.24000000,1.00963000,43536.53325610
344,2023-12-14 18:05:45.999,43121.25000000,43121.25000000,43121.25000000,0.00139000,59.93853750
345,2023-12-14 18:05:46.999,43122.89000000,43122.89000000,43121.25000000,0.43159000,18610.85310230
346,2023-12-14 18:05:47.999,43122.88000000,43122.88000000,43122.88000000,1.00234000,43223.78753920
347,2023-12-14 18:05:48.999,43119.50000000,43122.89000000,43119.50000000,0.49705000,21433.70605570
348,2023-12-14 18:05:49.999,43119.50000000,43119.50000000,43119.50000000,0.00000000,0.00000000
349,2023-12-14 18:05:50.999,43116.16000000,43119.51000000,43116.16000000,0.98277000,42376.41000300
350,2023-12-14 18:05:51.999,43116.16000000,43116.17000000,43116.16000000,0.16542000,7132.27519800
351,2023-12-14 18:05:52.999,43116.17000000,43116.17000000,43116.16000000,0.04724000,2036.80781670
352,2023-12-14 18:05:53.999,43116.16000000,43116.17000000,43116.16000000,1.58680000,68416.72772900
353,2023-12-14 18:05:54.999,43109.54000000,43116.17000000,43109.54000000,1.76395000,76052.08339000
354,2023-12-14 18:05:55.999,43109.54000000,43109.54000000,43109.53000000,0.08262000,3561.70937710
355,2023-12-14 18:05:56.999,43107.88000000,43109.53000000,43107.87000000,1.06248000,45802.77340260
356,2023-12-14 18:05:57.999,43105.36000000,43107.88000000,43105.35000000,0.04345000,1873.01145250
357,2023-12-14 18:05:58.999,43103.21000000,43105.35000000,43103.20000000,0.82929000,35746.42630400
358,2023-12-14 18:05:59.999,43094.39000000,43103.20000000,43094.38000000,0.93556000,40324.15127460
359,2023-12-14 18:06:00.999,43094.39000000,43094.39000000,43094.38000000,0.11835000,5100.22081980
360,2023-12-14 18:06:01.999,43096.53000000,43096.53000000,43094.38000000,2.85425000,123002.19740780
361,2023-12-14 18:06:02.999,43096.97000000,43096.97000000,43096.53000000,1.22213000,52669.61412990
362,2023-12-14 18:06:03.999,43098.97000000,43098.97000000,43096.97000000,0.10100000,4352.95020910
363,2023-12-14 18:06:04.999,43132.52000000,43132.52000000,43098.97000000,7.45823000,321524.50161710
364,2023-12-14 18:06:05.999,43135.00000000,43135.00000000,43132.52000000,1.71803000,74106.46353820
365,2023-12-14 18:06:06.999,43135.00000000,43135.00000000,43134.99000000,1.31337000,56652.21415000
366,2023-12-14 18:06:07.999,43134.99000000,43135.00000000,43134.99000000,0.50603000,21827.60264550
367,2023-12-14 18:06:08.999,43131.73000000,43134.99000000,43131.73000000,2.31051000,99663.09150940
368,2023-12-14 18:06:09.999,43131.74000000,43131.74000000,43131.73000000,0.02739000,1181.37834210
369,2023-12-14 18:06:10.999,43146.56000000,43146.89000000,43131.74000000,2.22356000,95920.22822550
370,2023-12-14 18:06:11.999,43143.42000000,43146.56000000,43143.42000000,1.74388000,75238.71954000
371,2023-12-14 18:06:12.999,43143.43000000,43143.43000000,43143.43000000,0.03539000,1526.84598770
372,2023-12-14 18:06:13.999,43143.43000000,43143.43000000,43143.42000000,0.09162000,3952.80056460
373,2023-12-14 18:06:14.999,43138.23000000,43143.43000000,43138.22000000,3.48473000,150338.64298330
374,2023-12-14 18:06:15.999,43138.23000000,43138.23000000,43138.22000000,0.05474000,2361.38667490
375,2023-12-14 18:06:16.999,43138.22000000,43138.22000000,43138.22000000,0.00038000,16.39252360
376,2023-12-14 18:06:17.999,43138.23000000,43138.23000000,43138.22000000,1.25743000,54243.29452440
377,2023-12-14 18:06:18.999,43138.22000000,43138.23000000,43138.22000000,0.53916000,23258.40474530
378,2023-12-14 18:06:19.999,43133.04000000,43138.22000000,43133.04000000,1.70218000,73423.73162570
379,2023-12-14 18:06:20.999,43133.05000000,43133.05000000,43133.04000000,0.21773000,9391.35879930
380,2023-12-14 18:06:21.999,43133.04000000,43133.05000000,43133.04000000,0.03161000,1363.43541650
381,2023-12-14 18:06:22.999,43133.05000000,43133.05000000,43133.05000000,0.00419000,180.72747950
382,2023-12-14 18:06:23.999,43133.05000000,43133.05000000,43133.04000000,1.50148000,64763.40191400
383,2023-12-14 18:06:24.999,43133.05000000,43133.05000000,43133.04000000,0.51114000,22047.02708880
384,2023-12-14 18:06:25.999,43133.04000000,43133.05000000,43133.04000000,0.14566000,6282.75920220
385,2023-12-14 18:06:26.999,43131.15000000,43133.05000000,43131.15000000,0.89903000,38777.76971970
386,2023-12-14 18:06:27.999,43136.39000000,43136.40000000,43131.16000000,2.68672000,115881.58671550
387,2023-12-14 18:06:28.999,43136.40000000,43136.40000000,43136.40000000,0.00258000,111.29191200
388,2023-12-14 18:06:29.999,43136.40000000,43136.40000000,43136.40000000,0.00115000,49.60686000
389,2023-12-14 18:06:30.999,43132.11000000,43136.39000000,43132.11000000,3.46752000,149575.14080340
390,2023-12-14 18:06:31.999,43132.12000000,43132.12000000,43132.11000000,0.13118000,5658.07118240
391,2023-12-14 18:06:32.999,43132.12000000,43132.12000000,43132.12000000,0.02208000,952.35720960
392,2023-12-14 18:06:33.999,43136.40000000,43136.40000000,43131.94000000,4.97519000,214595.39796490
393,2023-12-14 18:06:34.999,43138.21000000,43138.22000000,43136.39000000,0.69873000,30141.25023450
394,2023-12-14 18:06:35.999,43138.22000000,43138.22000000,43138.21000000,0.05665000,2443.77960580
395,2023-12-14 18:06:36.999,43138.22000000,43138.22000000,43138.21000000,1.02501000,44217.09688220
396,2023-12-14 18:06:37.999,43138.22000000,43138.22000000,43138.21000000,0.50308000,21701.97568680
397,2023-12-14 18:06:38.999,43138.22000000,43138.22000000,43138.21000000,0.19173000,8270.89038040
398,2023-12-14 18:06:39.999,43136.40000000,43138.22000000,43136.39000000,0.69473000,29969.39680880
399,2023-12-14 18:06:40.999,43131.20000000,43136.39000000,43131.20000000,1.27640000,55056.78078730
400,2023-12-14 18:06:41.999,43131.10000000,43131.15000000,43131.10000000,0.05535000,2387.30676750
401,2023-12-14 18:06:42.999,43127.69000000,43131.10000000,43127.69000000,0.33477000,14438.74234840
402,2023-12-14 18:06:43.999,43121.21000000,43127.69000000,43121.21000000,0.83307000,35927.85523140
403,2023-12-14 18:06:44.999,43121.22000000,43121.22000000,43121.21000000,0.95438000,41154.02639970
404,2023-12-14 18:06:45.999,43121.21000000,43121.22000000,43121.21000000,1.19454000,51510.01023260
405,2023-12-14 18:06:46.999,43121.21000000,43121.22000000,43121.21000000,0.04432000,1911.13245770
406,2023-12-14 18:06:47.999,43121.21000000,43121.22000000,43121.21000000,0.03984000,1717.94900870
407,2023-12-14 18:06:48.999,43118.81000000,43121.22000000,43118.80000000,0.78828000,33991.37522770
408,2023-12-14 18:06:49.999,43111.48000000,43118.81000000,43111.48000000,6.12432000,264042.55970160
409,2023-12-14 18:06:50.999,43103.96000000,43111.48000000,43103.95000000,0.09834000,4239.48000320
410,2023-12-14 18:06:51.999,43101.12000000,43103.15000000,43101.11000000,0.01551000,668.50067510
411,2023-12-14 18:06:52.999,43106.11000000,43106.12000000,43101.11000000,0.08729000,3762.30588330
412,2023-12-14 18:06:53.999,43106.11000000,43106.12000000,43106.11000000,1.00711000,43412.59446180
413,2023-12-14 18:06:54.999,43106.12000000,43106.12000000,43106.11000000,0.57981000,24993.35937810
414,2023-12-14 18:06:55.999,43106.12000000,43106.12000000,43106.11000000,0.00627000,270.27536770
415,2023-12-14 18:06:56.999,43101.24000000,43106.11000000,43101.24000000,0.80277000,34603.87910650
416,2023-12-14 18:06:57.999,43101.24000000,43101.24000000,43101.23000000,0.11544000,4975.60608130
417,2023-12-14 18:06:58.999,43101.24000000,43101.24000000,43101.23000000,0.28229000,12167.04668690
418,2023-12-14 18:06:59.999,43103.19000000,43103.20000000,43101.11000000,5.73633000,247243.14396370
419,2023-12-14 18:07:00.999,43109.56000000,43109.56000000,43103.19000000,1.43530000,61867.57679210
420,2023-12-14 18:07:01.999,43115.07000000,43115.08000000,43109.56000000,2.46048000,106082.31006630
421,2023-12-14 18:07:02.999,43115.07000000,43115.08000000,43115.07000000,0.22375000,9646.99911740
422,2023-12-14 18:07:03.999,43116.97000000,43116.97000000,43115.07000000,3.72271000,160504.96638460
423,2023-12-14 18:07:04.999,43116.96000000,43116.97000000,43116.96000000,0.01408000,607.08681880
424,2023-12-14 18:07:05.999,43115.13000000,43116.96000000,43115.13000000,0.94286000,40653.23789840
425,2023-12-14 18:07:06.999,43111.36000000,43115.14000000,43111.36000000,0.68731000,29633.02943450
426,2023-12-14 18:07:07.999,43111.35000000,43111.35000000,43111.35000000,0.00264000,113.81396400
427,2023-12-14 18:07:08.999,43106.12000000,43111.35000000,43106.12000000,0.61057000,26321.99010990
428,2023-12-14 18:07:09.999,43103.72000000,43106.11000000,43103.72000000,1.50619000,64924.79761410
429,2023-12-14 18:07:10.999,43101.24000000,43103.67000000,43101.24000000,0.19764000,8518.99295670
430,2023-12-14 18:07:11.999,43101.11000000,43101.25000000,43101.11000000,0.22550000,9719.30341130
431,2023-12-14 18:07:12.999,43087.11000000,43101.10000000,43087.11000000,1.21662000,52432.96363450
432,2023-12-14 18:07:13.999,43083.82000000,43087.97000000,43082.92000000,1.09613000,47226.75995850
433,2023-12-14 18:07:14.999,43083.82000000,43083.83000000,43083.82000000,0.24650000,10620.16208000
434,2023-12-14 18:07:15.999,43083.83000000,43083.83000000,43083.83000000,0.10639000,4583.68867370
435,2023-12-14 18:07:16.999,43083.82000000,43083.83000000,43083.82000000,0.23677000,10200.95640320
436,2023-12-14 18:07:17.999,43100.72000000,43100.73000000,43083.82000000,4.77020000,205549.95879860
437,2023-12-14 18:07:18.999,43100.73000000,43100.73000000,43100.72000000,0.24656000,10626.91584310
438,2023-12-14 18:07:19.999,43100.72000000,43100.72000000,43100.72000000,0.97457000,42004.66869040
439,2023-12-14 18:07:20.999,43100.72000000,43100.73000000,43100.72000000,1.27603000,54997.81413830
440,2023-12-14 18:07:21.999,43100.72000000,43100.73000000,43100.72000000,0.20442000,8810.65115830
441,2023-12-14 18:07:22.999,43100.73000000,43100.73000000,43100.72000000,0.05767000,2485.61860930
442,2023-12-14 18:07:23.999,43100.72000000,43100.73000000,43100.72000000,1.94587000,83868.39977960
443,2023-12-14 18:07:24.999,43100.73000000,43100.73000000,43100.72000000,0.01785000,769.34801860
444,2023-12-14 18:07:25.999,43101.24000000,43101.24000000,43100.73000000,0.79050000,34071.32733160
445,2023-12-14 18:07:26.999,43109.30000000,43109.30000000,43101.24000000,1.94779000,83956.37967450
446,2023-12-14 18:07:27.999,43109.79000000,43109.79000000,43109.78000000,0.13033000,5618.49772200
447,2023-12-14 18:07:28.999,43111.09000000,43111.10000000,43109.79000000,0.51037000,22002.50210540
448,2023-12-14 18:07:29.999,43111.09000000,43111.10000000,43111.09000000,1.00426000,43294.74325880
449,2023-12-14 18:07:30.999,43113.77000000,43113.78000000,43111.10000000,0.92133000,39721.81685360
450,2023-12-14 18:07:31.999,43113.77000000,43113.78000000,43113.77000000,0.05359000,2310.46697270
451,2023-12-14 18:07:32.999,43113.77000000,43113.77000000,43113.77000000,1.72380000,74319.51672600
452,2023-12-14 18:07:33.999,43109.42000000,43113.51000000,43109.42000000,0.19050000,8212.80911140
453,2023-12-14 18:07:34.999,43108.58000000,43109.43000000,43108.58000000,0.23591000,10169.94435290
454,2023-12-14 18:07:35.999,43113.77000000,43113.77000000,43108.14000000,1.24115000,53504.00734800
455,2023-12-14 18:07:36.999,43113.76000000,43113.77000000,43113.76000000,0.00996000,429.41310120
456,2023-12-14 18:07:37.999,43113.77000000,43113.77000000,43113.76000000,1.41661000,61075.38812530
457,2023-12-14 18:07:38.999,43112.74000000,43113.76000000,43110.66000000,1.13424000,48899.38387060
458,2023-12-14 18:07:39.999,43116.96000000,43116.96000000,43113.77000000,1.18863000,51247.61786790
459,2023-12-14 18:07:40.999,43116.96000000,43116.96000000,43116.95000000,0.00385000,166.00029400
460,2023-12-14 18:07:41.999,43116.95000000,43116.96000000,43116.95000000,1.64809000,71060.61424390
461,2023-12-14 18:07:42.999,43115.08000000,43116.95000000,43115.08000000,0.16619000,7165.45544200
462,2023-12-14 18:07:43.999,43115.08000000,43115.09000000,43115.08000000,0.01142000,492.37425280
463,2023-12-14 18:07:44.999,43115.09000000,43115.09000000,43115.08000000,0.05945000,2563.19209910
464,2023-12-14 18:07:45.999,43111.34000000,43115.09000000,43111.34000000,0.59409000,25612.81863950
465,2023-12-14 18:07:46.999,43105.35000000,43111.35000000,43105.35000000,0.25274000,10895.39805300
466,2023-12-14 18:07:47.999,43101.81000000,43105.29000000,43101.80000000,0.43165000,18606.17287350
467,2023-12-14 18:07:48.999,43101.80000000,43101.81000000,43101.80000000,0.12509000,5391.60420820
468,2023-12-14 18:07:49.999,43101.80000000,43101.81000000,43101.80000000,0.10467000,4511.46616900
469,2023-12-14 18:07:50.999,43101.10000000,43101.80000000,43101.10000000,1.00953000,43512.50571480
470,2023-12-14 18:07:51.999,43101.11000000,43101.11000000,43101.10000000,0.02983000,1285.70588190
471,2023-12-14 18:07:52.999,43098.44000000,43101.10000000,43098.44000000,0.61640000,26567.14203660
472,2023-12-14 18:07:53.999,43098.44000000,43098.44000000,43098.44000000,0.00023000,9.91264120
473,2023-12-14 18:07:54.999,43088.16000000,43098.44000000,43087.92000000,4.24312000,182849.05684510
474,2023-12-14 18:07:55.999,43086.01000000,43086.80000000,43086.00000000,0.02243000,966.41932500
475,2023-12-14 18:07:56.999,43086.00000000,43086.01000000,43086.00000000,0.06645000,2863.06472520
476,2023-12-14 18:07:57.999,43086.01000000,43086.01000000,43086.00000000,0.20474000,8821.42950290
477,2023-12-14 18:07:58.999,43086.00000000,43086.01000000,43086.00000000,0.02588000,1115.06569370
478,2023-12-14 18:07:59.999,43083.01000000,43086.00000000,43083.01000000,1.57136000,67700.55705510
479,2023-12-14 18:08:00.999,43083.02000000,43083.02000000,43083.01000000,0.13184000,5680.06497180
480,2023-12-14 18:08:01.999,43083.01000000,43083.01000000,43083.01000000,1.04545000,45041.13280450
481,2023-12-14 18:08:02.999,43089.08000000,43089.26000000,43083.01000000,2.38395000,102708.47059750
482,2023-12-14 18:08:03.999,43089.08000000,43089.08000000,43089.07000000,0.25522000,10997.19375860
483,2023-12-14 18:08:04.999,43084.87000000,43089.07000000,43084.86000000,1.26232000,54390.23821760
484,2023-12-14 18:08:05.999,43084.87000000,43084.87000000,43084.86000000,0.01164000,501.50784010
485,2023-12-14 18:08:06.999,43084.87000000,43084.87000000,43084.86000000,0.02698000,1162.42954370
486,2023-12-14 18:08:07.999,43086.08000000,43086.09000000,43084.87000000,2.89627000,124787.83669170
487,2023-12-14 18:08:08.999,43088.27000000,43088.28000000,43086.08000000,0.26992000,11630.15246550
488,2023-12-14 18:08:09.999,43099.59000000,43099.59000000,43088.28000000,1.95054000,84064.06307130
489,2023-12-14 18:08:10.999,43085.77000000,43099.59000000,43085.77000000,1.94571000,83848.57365810
490,2023-12-14 18:08:11.999,43084.82000000,43085.77000000,43084.82000000,0.63131000,27200.37498780
491,2023-12-14 18:08:12.999,43084.83000000,43084.83000000,43084.82000000,0.12798000,5513.99650540
492,2023-12-14 18:08:13.999,43083.46000000,43084.83000000,43083.46000000,1.04664000,45094.02039440
493,2023-12-14 18:08:14.999,43083.46000000,43083.47000000,43083.46000000,0.01320000,568.70168410
494,2023-12-14 18:08:15.999,43081.11000000,43083.47000000,43081.11000000,1.66608000,71780.23782290
495,2023-12-14 18:08:16.999,43080.92000000,43081.11000000,43080.92000000,0.38514000,16592.23186580
496,2023-12-14 18:08:17.999,43080.91000000,43080.91000000,43080.91000000,0.00232000,99.94771120
497,2023-12-14 18:08:18.999,43075.98000000,43080.92000000,43075.98000000,0.47466000,20448.17861420
498,2023-12-14 18:08:19.999,43075.88000000,43075.98000000,43075.87000000,0.70204000,30241.04197770
499,2023-12-14 18:08:20.999,43068.21000000,43075.88000000,43068.21000000,2.71608000,116987.79975520
500,2023-12-14 18:08:21.999,43068.03000000,43068.04000000,43068.03000000,0.21493000,9256.61295960
501,2023-12-14 18:08:22.999,43058.01000000,43068.04000000,43058.00000000,1.79717000,77388.36502680
502,2023-12-14 18:08:23.999,43056.77000000,43058.01000000,43056.76000000,0.35453000,15265.21492460
503,2023-12-14 18:08:24.999,43056.77000000,43056.77000000,43056.76000000,0.26936000,11597.77120780
504,2023-12-14 18:08:25.999,43057.04000000,43057.04000000,43056.76000000,1.22036000,52545.02700170
505,2023-12-14 18:08:26.999,43060.10000000,43060.10000000,43057.03000000,1.07062000,46097.84464010
506,2023-12-14 18:08:27.999,43064.38000000,43064.38000000,43060.09000000,0.08589000,3698.58646580
507,2023-12-14 18:08:28.999,43073.01000000,43073.02000000,43064.37000000,1.79261000,77199.97876630
508,2023-12-14 18:08:29.999,43073.01000000,43073.02000000,43073.01000000,0.57782000,24888.44675540
509,2023-12-14 18:08:30.999,43073.01000000,43073.02000000,43073.01000000,0.27099000,11672.35734580
510,2023-12-14 18:08:31.999,43073.01000000,43073.02000000,43073.01000000,1.01460000,43701.87597090
511,2023-12-14 18:08:32.999,43068.80000000,43073.02000000,43068.80000000,0.78712000,33903.55511120
512,2023-12-14 18:08:33.999,43068.80000000,43068.81000000,43068.80000000,0.25965000,11182.81392420
513,2023-12-14 18:08:34.999,43068.80000000,43068.80000000,43068.80000000,0.00653000,281.23926400
514,2023-12-14 18:08:35.999,43061.71000000,43068.80000000,43061.70000000,1.10113000,47420.56740190
515,2023-12-14 18:08:36.999,43061.70000000,43061.71000000,43061.70000000,0.02117000,911.61626020
516,2023-12-14 18:08:37.999,43061.70000000,43061.71000000,43061.70000000,1.01136000,43550.88091830
517,2023-12-14 18:08:38.999,43061.70000000,43061.71000000,43061.70000000,0.02411000,1038.21758860
518,2023-12-14 18:08:39.999,43057.73000000,43061.70000000,43057.72000000,0.93338000,40192.35022480
519,2023-12-14 18:08:40.999,43057.72000000,43057.73000000,43057.72000000,0.04136000,1780.86764770
520,2023-12-14 18:08:41.999,43060.21000000,43060.22000000,43057.72000000,0.17394000,7489.66069990
521,2023-12-14 18:08:42.999,43069.01000000,43070.88000000,43060.21000000,3.91882000,168757.60020010
522,2023-12-14 18:08:43.999,43068.28000000,43069.01000000,43067.16000000,1.25977000,54256.95216230
523,2023-12-14 18:08:44.999,43065.16000000,43066.74000000,43065.16000000,0.25362000,10922.20159440
524,2023-12-14 18:08:45.999,43056.09000000,43065.16000000,43056.09000000,1.65881000,71433.20711710
525,2023-12-14 18:08:46.999,43056.10000000,43056.10000000,43056.09000000,0.08091000,3483.66879590
526,2023-12-14 18:08:47.999,43056.10000000,43056.10000000,43056.09000000,0.01516000,652.73046270
527,2023-12-14 18:08:48.999,43056.09000000,43056.10000000,43056.09000000,3.57555000,153949.23815760
528,2023-12-14 18:08:49.999,43050.74000000,43056.10000000,43050.74000000,1.42532000,61366.24820260
529,2023-12-14 18:08:50.999,43060.21000000,43060.21000000,43050.75000000,0.78386000,33748.61274760
530,2023-12-14 18:08:51.999,43049.87000000,43060.21000000,43040.99000000,25.74854000,1108523.29306970
531,2023-12-14 18:08:52.999,43043.03000000,43049.88000000,43043.02000000,0.75869000,32659.84510240
532,2023-12-14 18:08:53.999,43044.78000000,43044.79000000,43042.20000000,1.75061000,75351.60226310
533,2023-12-14 18:08:54.999,43044.78000000,43044.79000000,43044.78000000,0.40235000,17319.07105610
534,2023-12-14 18:08:55.999,43047.15000000,43047.15000000,43044.78000000,0.35954000,15476.40528840
535,2023-12-14 18:08:56.999,43047.15000000,43047.15000000,43047.14000000,1.66540000,71690.70696170
536,2023-12-14 18:08:57.999,43044.79000000,43047.14000000,43044.79000000,1.35907000,58502.33391930
537,2023-12-14 18:08:58.999,43044.78000000,43044.79000000,43044.78000000,0.00738000,317.67048090
538,2023-12-14 18:08:59.999,43049.03000000,43049.04000000,43044.79000000,2.80276000,120647.22879990
539,2023-12-14 18:09:00.999,43049.04000000,43049.04000000,43049.03000000,1.42289000,61254.03740220
540,2023-12-14 18:09:01.999,43068.81000000,43068.81000000,43049.03000000,7.38184000,317851.40757080
541,2023-12-14 18:09:02.999,43068.80000000,43068.81000000,43068.80000000,0.69043000,29735.99584940
542,2023-12-14 18:09:03.999,43068.12000000,43068.81000000,43068.12000000,1.74974000,75359.11292910
543,2023-12-14 18:09:04.999,43060.27000000,43068.12000000,43060.26000000,0.47486000,20449.21901110
544,2023-12-14 18:09:05.999,43066.72000000,43066.72000000,43060.27000000,0.91316000,39324.62620380
545,2023-12-14 18:09:06.999,43068.79000000,43068.80000000,43066.98000000,3.17751000,136851.49795350
546,2023-12-14 18:09:07.999,43065.17000000,43068.80000000,43065.17000000,0.92314000,39758.15810930
547,2023-12-14 18:09:08.999,43065.16000000,43065.16000000,43065.16000000,0.00388000,167.09282080
548,2023-12-14 18:09:09.999,43063.19000000,43065.17000000,43063.19000000,1.66432000,71674.19550900
549,2023-12-14 18:09:10.999,43064.71000000,43064.71000000,43063.19000000,0.47012000,20245.14114730
550,2023-12-14 18:09:11.999,43064.71000000,43064.72000000,43064.71000000,0.57824000,24901.73808000
551,2023-12-14 18:09:12.999,43064.71000000,43064.72000000,43064.71000000,1.54723000,66631.01656780
552,2023-12-14 18:09:13.999,43064.72000000,43064.72000000,43064.71000000,0.05249000,2260.46708160
553,2023-12-14 18:09:14.999,43064.71000000,43064.72000000,43064.71000000,0.01332000,573.62194880
554,2023-12-14 18:09:15.999,43064.72000000,43064.72000000,43064.71000000,1.02115000,43975.52861950
555,2023-12-14 18:09:16.999,43059.83000000,43064.71000000,43059.83000000,1.52611000,65719.02657760
556,2023-12-14 18:09:17.999,43059.83000000,43059.84000000,43059.83000000,0.17009000,7324.04810800
557,2023-12-14 18:09:18.999,43057.89000000,43059.83000000,43057.88000000,2.11490000,91064.19302510
558,2023-12-14 18:09:19.999,43054.71000000,43057.89000000,43054.71000000,0.58506000,25190.37872650
559,2023-12-14 18:09:20.999,43054.71000000,43054.72000000,43054.71000000,0.01712000,737.09673720
560,2023-12-14 18:09:21.999,43054.71000000,43054.71000000,43054.71000000,0.04337000,1867.28277270
561,2023-12-14 18:09:22.999,43054.72000000,43054.72000000,43054.71000000,0.61446000,26455.40225120
562,2023-12-14 18:09:23.999,43054.72000000,43054.72000000,43054.72000000,0.00959000,412.89476480
563,2023-12-14 18:09:24.999,43054.72000000,43054.72000000,43054.71000000,1.06505000,45855.41951510
564,2023-12-14 18:09:25.999,43054.71000000,43054.72000000,43054.71000000,0.01680000,723.31927110
565,2023-12-14 18:09:26.999,43054.71000000,43054.72000000,43054.71000000,0.38549000,16597.16016020
566,2023-12-14 18:09:27.999,43054.72000000,43054.72000000,43054.71000000,1.01284000,43607.53260480
567,2023-12-14 18:09:28.999,43054.72000000,43054.72000000,43054.71000000,0.12810000,5515.30858650
568,2023-12-14 18:09:29.999,43054.71000000,43054.72000000,43054.71000000,0.03724000,1603.35773590
569,2023-12-14 18:09:30.999,43049.72000000,43054.71000000,43049.72000000,2.36463000,101803.17028380
570,2023-12-14 18:09:31.999,43043.83000000,43049.73000000,43043.83000000,0.19832000,8537.29139210
571,2023-12-14 18:09:32.999,43043.83000000,43043.83000000,43043.82000000,0.92590000,39854.28205970
572,2023-12-14 18:09:33.999,43030.82000000,43043.82000000,43027.69000000,6.75719000,290823.26088950
573,2023-12-14 18:09:34.999,43028.65000000,43028.68000000,43027.70000000,0.40963000,17625.78592350
574,2023-12-14 18:09:35.999,43024.11000000,43028.65000000,43024.11000000,1.06405000,45781.66785400
575,2023-12-14 18:09:36.999,43028.65000000,43028.65000000,43024.12000000,1.70519000,73370.94047810
576,2023-12-14 18:09:37.999,43036.83000000,43036.83000000,43028.64000000,0.81014000,34859.83374990
577,2023-12-14 18:09:38.999,43033.19000000,43036.83000000,43033.18000000,2.19384000,94415.75822410
578,2023-12-14 18:09:39.999,43033.19000000,43033.19000000,43033.18000000,0.29314000,12614.74638630
579,2023-12-14 18:09:40.999,43033.18000000,43033.19000000,43033.18000000,0.24378000,10490.63098960
580,2023-12-14 18:09:41.999,43033.18000000,43033.19000000,43033.18000000,0.48550000,20892.60905450
581,2023-12-14 18:09:42.999,43033.19000000,43033.19000000,43033.18000000,0.08631000,3714.19376710
582,2023-12-14 18:09:43.999,43033.18000000,43033.19000000,43033.18000000,1.12026000,48208.35035630
583,2023-12-14 18:09:44.999,43033.18000000,43033.19000000,43033.18000000,0.57521000,24753.11548680
584,2023-12-14 18:09:45.999,43033.19000000,43033.19000000,43033.18000000,0.08158000,3510.64693460
585,2023-12-14 18:09:46.999,43033.19000000,43033.19000000,43033.18000000,1.06169000,45687.89689170
586,2023-12-14 18:09:47.999,43033.18000000,43033.19000000,43033.18000000,0.05273000,2269.13972760
587,2023-12-14 18:09:48.999,43033.19000000,43033.19000000,43033.18000000,0.06528000,2809.20608490
588,2023-12-14 18:09:49.999,43030.33000000,43033.19000000,43030.33000000,4.27996000,184179.39188980
589,2023-12-14 18:09:50.999,43030.33000000,43030.33000000,43030.32000000,0.10517000,4525.49913830
590,2023-12-14 18:09:51.999,43028.92000000,43030.32000000,43028.92000000,1.25353000,53939.40555110
591,2023-12-14 18:09:52.999,43028.93000000,43028.93000000,43028.92000000,1.11397000,47932.92664880
592,2023-12-14 18:09:53.999,43028.92000000,43028.93000000,43028.92000000,0.49255000,21193.89898380
593,2023-12-14 18:09:54.999,43030.06000000,43030.06000000,43028.92000000,0.70179000,30197.27007890
594,2023-12-14 18:09:55.999,43030.31000000,43030.32000000,43030.31000000,0.09468000,4074.11042920
595,2023-12-14 18:09:56.999,43030.32000000,43030.32000000,43030.31000000,1.11574000,48010.63848170
596,2023-12-14 18:09:57.999,43033.18000000,43033.18000000,43030.31000000,1.09987000,47329.78966830
597,2023-12-14 18:09:58.999,43031.06000000,43047.93000000,43031.06000000,15.32164000,659381.08924180
598,2023-12-14 18:09:59.999,43035.14000000,43035.14000000,43030.84000000,1.43861000,61905.08716860
599,2023-12-14 18:10:00.999,43037.29000000,43037.29000000,43035.13000000,2.47467000,106497.95206330
600,2023-12-14 18:10:01.999,43038.55000000,43038.55000000,43038.54000000,0.04423000,1903.59473420
601,2023-12-14 18:10:02.999,43038.55000000,43038.55000000,43038.54000000,1.23761000,53264.92984680
602,2023-12-14 18:10:03.999,43038.55000000,43038.55000000,43038.54000000,0.49582000,21339.37118280
603,2023-12-14 18:10:04.999,43038.54000000,43038.55000000,43038.54000000,0.08667000,3730.15094860
604,2023-12-14 18:10:05.999,43038.55000000,43038.55000000,43038.54000000,1.13160000,48702.41296660
605,2023-12-14 18:10:06.999,43063.81000000,43069.56000000,43038.54000000,7.38917000,318140.41781240
606,2023-12-14 18:10:07.999,43071.10000000,43071.10000000,43065.49000000,1.91823000,82617.03560900
607,2023-12-14 18:10:08.999,43073.01000000,43073.02000000,43071.10000000,1.64500000,70853.93885330
608,2023-12-14 18:10:09.999,43073.01000000,43073.02000000,43073.01000000,0.49121000,21157.89778240
609,2023-12-14 18:10:10.999,43073.02000000,43073.02000000,43073.01000000,0.06828000,2941.02515340
610,2023-12-14 18:10:11.999,43073.01000000,43073.01000000,43073.01000000,1.01837000,43864.26119370
611,2023-12-14 18:10:12.999,43073.01000000,43073.02000000,43073.01000000,0.63539000,27368.16318110
612,2023-12-14 18:10:13.999,43073.01000000,43073.02000000,43073.01000000,0.13472000,5802.79601740
613,2023-12-14 18:10:14.999,43068.28000000,43073.01000000,43068.28000000,3.30461000,142337.21162400
614,2023-12-14 18:10:15.999,43071.57000000,43071.57000000,43068.29000000,0.72920000,31407.41041920
615,2023-12-14 18:10:16.999,43071.57000000,43071.57000000,43071.56000000,0.89385000,38499.52283780
616,2023-12-14 18:10:17.999,43072.86000000,43072.86000000,43071.56000000,1.18478000,51030.40060560
617,2023-12-14 18:10:18.999,43075.81000000,43075.82000000,43072.85000000,1.44612000,62289.02506600
618,2023-12-14 18:10:19.999,43077.89000000,43077.90000000,43075.82000000,0.37813000,16288.81921210
619,2023-12-14 18:10:20.999,43077.89000000,43077.90000000,43077.89000000,1.24744000,53737.08544530
620,2023-12-14 18:10:21.999,43065.17000000,43077.89000000,43065.16000000,5.11262000,220215.70678430
621,2023-12-14 18:10:22.999,43080.68000000,43080.68000000,43065.17000000,1.11567000,48056.53407330
622,2023-12-14 18:10:23.999,43080.69000000,43080.69000000,43080.68000000,1.11563000,48062.09998050
623,2023-12-14 18:10:24.999,43080.69000000,43080.69000000,43080.68000000,0.41700000,17964.64758860
624,2023-12-14 18:10:25.999,43080.69000000,43080.69000000,43080.68000000,0.57949000,24964.82616740
625,2023-12-14 18:10:26.999,43080.69000000,43080.69000000,43080.68000000,1.52464000,65682.53312240
626,2023-12-14 18:10:27.999,43080.68000000,43080.69000000,43080.68000000,0.19820000,8538.59078860
627,2023-12-14 18:10:28.999,43080.68000000,43080.69000000,43080.68000000,0.45656000,19668.91742770
628,2023-12-14 18:10:29.999,43077.90000000,43080.69000000,43077.90000000,2.93032000,126239.80587810
629,2023-12-14 18:10:30.999,43071.70000000,43077.91000000,43071.70000000,1.31299000,56557.74048900
630,2023-12-14 18:10:31.999,43084.28000000,43087.53000000,43071.70000000,8.48042000,365304.87996920
631,2023-12-14 18:10:32.999,43084.06000000,43084.27000000,43084.06000000,1.99673000,86027.57097390
632,2023-12-14 18:10:33.999,43082.06000000,43084.06000000,43082.06000000,0.99042000,42671.24714900
633,2023-12-14 18:10:34.999,43082.07000000,43082.08000000,43082.06000000,0.98248000,42327.27400960
634,2023-12-14 18:10:35.999,43082.07000000,43082.07000000,43082.07000000,1.06741000,45986.23233870
635,2023-12-14 18:10:36.999,43082.07000000,43082.08000000,43082.07000000,0.55461000,23893.75187380
636,2023-12-14 18:10:37.999,43084.07000000,43084.07000000,43082.07000000,0.13444000,5791.98793620
637,2023-12-14 18:10:38.999,43086.21000000,43086.21000000,43086.20000000,1.34391000,57903.97846790
638,2023-12-14 18:10:39.999,43086.21000000,43086.21000000,43086.20000000,0.45045000,19408.18311540
639,2023-12-14 18:10:40.999,43086.20000000,43086.21000000,43086.20000000,3.60306000,155242.16609200
640,2023-12-14 18:10:41.999,43086.20000000,43086.21000000,43086.20000000,1.00064000,43113.77517250
641,2023-12-14 18:10:42.999,43086.20000000,43086.21000000,43086.20000000,0.20114000,8666.36027310
642,2023-12-14 18:10:43.999,43086.20000000,43086.21000000,43086.20000000,0.10618000,4574.89274100
643,2023-12-14 18:10:44.999,43082.46000000,43086.20000000,43082.46000000,1.04209000,44898.08517510
644,2023-12-14 18:10:45.999,43082.46000000,43082.47000000,43082.46000000,0.05637000,2428.55827220
645,2023-12-14 18:10:46.999,43082.47000000,43082.47000000,43082.46000000,0.50495000,21754.49318230
646,2023-12-14 18:10:47.999,43082.46000000,43082.47000000,43082.46000000,0.00969000,417.46906320
647,2023-12-14 18:10:48.999,43082.47000000,43082.47000000,43082.46000000,0.04809000,2071.83572770
648,2023-12-14 18:10:49.999,43082.46000000,43082.47000000,43082.46000000,0.01153000,496.74079760
649,2023-12-14 18:10:50.999,43082.46000000,43082.47000000,43082.46000000,0.00923000,397.65118090
650,2023-12-14 18:10:51.999,43082.46000000,43082.47000000,43082.46000000,0.09834000,4236.72969670
651,2023-12-14 18:10:52.999,43082.47000000,43082.47000000,43082.46000000,0.00383000,165.00584150
652,2023-12-14 18:10:53.999,43083.10000000,43083.10000000,43082.46000000,0.44350000,19107.20644320
653,2023-12-14 18:10:54.999,43083.09000000,43083.10000000,43083.09000000,0.01592000,685.88281450
654,2023-12-14 18:10:55.999,43083.09000000,43083.09000000,43083.09000000,0.03481000,1499.72236290
655,2023-12-14 18:10:56.999,43083.09000000,43083.10000000,43083.09000000,0.61042000,26298.78479780
656,2023-12-14 18:10:57.999,43083.10000000,43083.10000000,43083.09000000,0.28140000,12123.58411380
657,2023-12-14 18:10:58.999,43087.99000000,43087.99000000,43083.09000000,0.44906000,19347.03286940
658,2023-12-14 18:10:59.999,43087.99000000,43087.99000000,43087.98000000,0.15332000,6606.24989310
659,2023-12-14 18:11:00.999,43087.99000000,43087.99000000,43087.98000000,0.66835000,28797.85790800
660,2023-12-14 18:11:01.999,43087.98000000,43087.99000000,43087.98000000,0.04247000,1829.94664120
661,2023-12-14 18:11:02.999,43087.99000000,43087.99000000,43087.98000000,0.00474000,204.23707130
662,2023-12-14 18:11:03.999,43087.98000000,43087.99000000,43087.98000000,0.03818000,1645.09909440
663,2023-12-14 18:11:04.999,43087.98000000,43087.99000000,43087.98000000,0.01906000,821.25691640
664,2023-12-14 18:11:05.999,43086.22000000,43087.98000000,43086.22000000,1.19817000,51626.49581990
665,2023-12-14 18:11:06.999,43086.22000000,43086.23000000,43086.22000000,0.50384000,21708.56608480
666,2023-12-14 18:11:07.999,43086.22000000,43086.23000000,43086.22000000,0.08680000,3739.88390900
667,2023-12-14 18:11:08.999,43086.22000000,43086.22000000,43086.22000000,0.56314000,24263.57393080
668,2023-12-14 18:11:09.999,43086.22000000,43086.23000000,43086.22000000,0.26110000,11249.81215300
669,2023-12-14 18:11:10.999,43086.23000000,43086.23000000,43086.22000000,0.02591000,1116.36407520
670,2023-12-14 18:11:11.999,43077.22000000,43086.22000000,43077.22000000,6.69035000,288245.96789470
671,2023-12-14 18:11:12.999,43074.42000000,43077.23000000,43074.42000000,0.27613000,11894.16092330
672,2023-12-14 18:11:13.999,43074.42000000,43074.43000000,43074.42000000,0.06756000,2910.10794420
673,2023-12-14 18:11:14.999,43074.42000000,43074.43000000,43074.42000000,0.01440000,620.27176410
674,2023-12-14 18:11:15.999,43080.65000000,43080.65000000,43074.42000000,2.27751000,98104.15968000
675,2023-12-14 18:11:16.999,43080.64000000,43080.65000000,43080.64000000,0.52863000,22773.72396920
676,2023-12-14 18:11:17.999,43080.64000000,43080.65000000,43080.64000000,0.23976000,10329.01659330
677,2023-12-14 18:11:18.999,43080.65000000,43080.65000000,43080.64000000,0.05883000,2534.43405350
678,2023-12-14 18:11:19.999,43080.64000000,43080.65000000,43080.64000000,0.22665000,9764.22721180
679,2023-12-14 18:11:20.999,43080.03000000,43080.64000000,43080.03000000,0.10134000,4365.78470710
680,2023-12-14 18:11:21.999,43080.03000000,43080.04000000,43080.03000000,0.03433000,1478.93752460
681,2023-12-14 18:11:22.999,43076.28000000,43080.03000000,43076.27000000,0.59136000,25475.46048310
682,2023-12-14 18:11:23.999,43076.28000000,43076.28000000,43076.27000000,0.30144000,12984.91374310
683,2023-12-14 18:11:24.999,43071.71000000,43076.27000000,43071.71000000,1.31570000,56673.77898640
684,2023-12-14 18:11:25.999,43071.70000000,43071.71000000,43071.70000000,0.00834000,359.21804370
685,2023-12-14 18:11:26.999,43070.13000000,43071.70000000,43070.13000000,0.70122000,30201.89935460
686,2023-12-14 18:11:27.999,43070.13000000,43070.13000000,43070.12000000,0.02155000,928.16117530
687,2023-12-14 18:11:28.999,43070.12000000,43070.12000000,43070.12000000,0.04608000,1984.67112960
688,2023-12-14 18:11:29.999,43059.01000000,43070.12000000,43059.01000000,1.78193000,76742.15222710
689,2023-12-14 18:11:30.999,43057.88000000,43059.02000000,43057.88000000,0.03063000,1318.89540440
690,2023-12-14 18:11:31.999,43054.76000000,43057.62000000,43054.76000000,0.07644000,3291.15520700
691,2023-12-14 18:11:32.999,43054.76000000,43054.77000000,43054.76000000,0.03142000,1352.78059880
692,2023-12-14 18:11:33.999,43054.51000000,43054.52000000,43054.51000000,0.02016000,867.97893480
693,2023-12-14 18:11:34.999,43053.37000000,43054.51000000,43053.37000000,0.26002000,11195.01878360
694,2023-12-14 18:11:35.999,43051.64000000,43053.37000000,43051.64000000,0.19912000,8572.57453830
695,2023-12-14 18:11:36.999,43051.64000000,43051.65000000,43051.64000000,0.56117000,24159.29358490
696,2023-12-14 18:11:37.999,43051.65000000,43051.65000000,43051.65000000,0.04492000,1933.88011800
697,2023-12-14 18:11:38.999,43051.65000000,43051.65000000,43051.64000000,0.10343000,4452.83201080
698,2023-12-14 18:11:39.999,43050.34000000,43051.64000000,43050.34000000,0.12627000,5436.07251240
699,2023-12-14 18:11:40.999,43050.19000000,43050.19000000,43050.18000000,0.02633000,1133.51148610
700,2023-12-14 18:11:41.999,43050.19000000,43050.19000000,43050.18000000,0.11971000,5153.53776910
701,2023-12-14 18:11:42.999,43050.18000000,43050.19000000,43050.18000000,0.01119000,481.73160270
702,2023-12-14 18:11:43.999,43051.90000000,43051.90000000,43050.18000000,2.78920000,120075.93901830
703,2023-12-14 18:11:44.999,43051.90000000,43051.90000000,43051.89000000,0.19371000,8339.58227920
704,2023-12-14 18:11:45.999,43051.89000000,43051.89000000,43051.89000000,0.05866000,2525.42386740
705,2023-12-14 18:11:46.999,43051.64000000,43051.89000000,43051.64000000,0.18956000,8160.87652010
706,2023-12-14 18:11:47.999,43051.90000000,43051.90000000,43050.14000000,1.38315000,59546.53774460
707,2023-12-14 18:11:48.999,43051.89000000,43051.90000000,43051.89000000,0.05202000,2239.55933470
708,2023-12-14 18:11:49.999,43051.89000000,43051.90000000,43051.89000000,0.01694000,729.29907840
709,2023-12-14 18:11:50.999,43051.89000000,43051.90000000,43051.89000000,0.13133000,5654.00505410
710,2023-12-14 18:11:51.999,43051.90000000,43051.90000000,43051.89000000,0.02617000,1126.66805390
711,2023-12-14 18:11:52.999,43051.89000000,43051.90000000,43051.89000000,0.06279000,2703.22818580
712,2023-12-14 18:11:53.999,43051.89000000,43051.90000000,43051.89000000,0.00620000,266.92175410
713,2023-12-14 18:11:54.999,43051.89000000,43051.90000000,43051.89000000,1.43871000,61939.18467570
714,2023-12-14 18:11:55.999,43051.54000000,43051.89000000,43051.54000000,0.26501000,11409.09987820
715,2023-12-14 18:11:56.999,43047.17000000,43051.44000000,43047.17000000,2.57835000,111000.74787370
716,2023-12-14 18:11:57.999,43047.18000000,43047.18000000,43047.17000000,0.03628000,1561.75140000
717,2023-12-14 18:11:58.999,43047.18000000,43047.18000000,43047.17000000,0.08211000,3534.60380830
718,2023-12-14 18:11:59.999,43039.97000000,43047.17000000,43039.97000000,0.80613000,34698.74121520
719,2023-12-14 18:12:00.999,43039.97000000,43039.98000000,43039.97000000,0.09376000,4035.42782710
720,2023-12-14 18:12:01.999,43039.97000000,43039.98000000,43039.97000000,0.00812000,349.48458130
721,2023-12-14 18:12:02.999,43039.98000000,43039.98000000,43039.97000000,0.05913000,2544.95344270
722,2023-12-14 18:12:03.999,43039.98000000,43039.98000000,43039.97000000,0.09981000,4295.81942550
723,2023-12-14 18:12:04.999,43039.98000000,43039.98000000,43039.97000000,0.03011000,1295.93350320
724,2023-12-14 18:12:05.999,43050.60000000,43050.60000000,43039.97000000,3.16230000,136109.27898860
725,2023-12-14 18:12:06.999,43050.77000000,43050.78000000,43050.77000000,0.47520000,20457.73055900
726,2023-12-14 18:12:07.999,43061.59000000,43064.45000000,43050.77000000,6.89430000,296834.76234020
727,2023-12-14 18:12:08.999,43051.11000000,43061.59000000,43051.11000000,1.43079000,61609.98563580
728,2023-12-14 18:12:09.999,43044.99000000,43051.10000000,43044.98000000,0.38213000,16449.85518260
729,2023-12-14 18:12:10.999,43044.98000000,43044.99000000,43044.98000000,0.00049000,21.09204310
730,2023-12-14 18:12:11.999,43043.07000000,43044.99000000,43043.06000000,0.89088000,38347.37976490
731,2023-12-14 18:12:12.999,43041.11000000,43042.85000000,43041.11000000,0.32388000,13940.17190420
732,2023-12-14 18:12:13.999,43041.11000000,43041.11000000,43041.10000000,0.38589000,16609.13044180
733,2023-12-14 18:12:14.999,43034.72000000,43041.10000000,43034.71000000,0.75146000,32342.12014540
734,2023-12-14 18:12:15.999,43034.72000000,43034.72000000,43034.72000000,0.02132000,917.50023040
735,2023-12-14 18:12:16.999,43034.71000000,43034.72000000,43034.71000000,0.01607000,691.56783950
736,2023-12-14 18:12:17.999,43034.71000000,43034.72000000,43034.71000000,0.38365000,16510.27017600
737,2023-12-14 18:12:18.999,43034.72000000,43034.72000000,43034.71000000,0.04187000,1801.86370240
738,2023-12-14 18:12:19.999,43034.72000000,43034.72000000,43034.72000000,0.00329000,141.58422880
739,2023-12-14 18:12:20.999,43034.72000000,43034.72000000,43034.71000000,0.00911000,392.04625860
740,2023-12-14 18:12:21.999,43034.72000000,43034.72000000,43034.71000000,0.72527000,31211.78414680
741,2023-12-14 18:12:22.999,43039.98000000,43039.98000000,43034.71000000,0.24085000,10365.26751210
742,2023-12-14 18:12:23.999,43044.99000000,43044.99000000,43039.97000000,0.45199000,19455.23145600
743,2023-12-14 18:12:24.999,43047.13000000,43047.14000000,43044.98000000,0.07802000,3358.45914570
744,2023-12-14 18:12:25.999,43047.13000000,43047.14000000,43047.13000000,0.15923000,6854.39454200
745,2023-12-14 18:12:26.999,43047.13000000,43047.14000000,43047.13000000,0.16278000,7007.21188540
746,2023-12-14 18:12:27.999,43047.13000000,43047.13000000,43047.13000000,0.07339000,3159.22887070
747,2023-12-14 18:12:28.999,43047.13000000,43047.14000000,43047.13000000,0.12381000,5329.66542420
748,2023-12-14 18:12:29.999,43047.13000000,43047.13000000,43047.13000000,0.04086000,1758.90573180
749,2023-12-14 18:12:30.999,43047.13000000,43047.14000000,43047.13000000,0.11582000,4985.71969880
750,2023-12-14 18:12:31.999,43047.13000000,43047.13000000,43047.13000000,0.02228000,959.09005640
751,2023-12-14 18:12:32.999,43047.14000000,43047.14000000,43047.13000000,0.08140000,3504.03644970
752,2023-12-14 18:12:33.999,43047.13000000,43047.13000000,43047.13000000,0.24302000,10461.31353260
753,2023-12-14 18:12:34.999,43047.14000000,43047.14000000,43047.13000000,0.07401000,3185.91882620
754,2023-12-14 18:12:35.999,43047.14000000,43047.14000000,43047.13000000,0.00063000,27.11969340
755,2023-12-14 18:12:36.999,43047.13000000,43047.14000000,43047.13000000,0.03327000,1432.17803480
756,2023-12-14 18:12:37.999,43047.13000000,43047.13000000,43047.13000000,0.41710000,17954.95792300
757,2023-12-14 18:12:38.999,43047.14000000,43047.14000000,43047.14000000,0.00048000,20.66262720
758,2023-12-14 18:12:39.999,43050.00000000,43050.00000000,43047.14000000,0.11310000,4868.77273890
759,2023-12-14 18:12:40.999,43053.71000000,43053.72000000,43049.99000000,1.33774000,57590.72850400
760,2023-12-14 18:12:41.999,43053.71000000,43053.72000000,43053.71000000,0.01154000,496.83988220
761,2023-12-14 18:12:42.999,43053.71000000,43053.72000000,43053.71000000,0.00779000,335.38840690
762,2023-12-14 18:12:43.999,43053.72000000,43053.72000000,43053.71000000,0.07214000,3105.89467230
763,2023-12-14 18:12:44.999,43053.72000000,43053.72000000,43053.71000000,0.21697000,9341.36547150
764,2023-12-14 18:12:45.999,43053.71000000,43053.71000000,43053.71000000,0.01554000,669.05465340
765,2023-12-14 18:12:46.999,43053.71000000,43053.71000000,43053.71000000,0.04221000,1817.29709910
766,2023-12-14 18:12:47.999,43053.71000000,43053.71000000,43053.71000000,0.01919000,826.20069490
767,2023-12-14 18:12:48.999,43053.71000000,43053.72000000,43053.71000000,0.01653000,711.67784130
768,2023-12-14 18:12:49.999,43053.72000000,43053.72000000,43053.71000000,0.03748000,1613.65337130
769,2023-12-14 18:12:50.999,43053.72000000,43053.72000000,43053.72000000,0.50000000,21526.86000000
770,2023-12-14 18:12:51.999,43053.72000000,43053.72000000,43053.71000000,0.29576000,12733.56573410
771,2023-12-14 18:12:52.999,43053.72000000,43053.72000000,43053.71000000,0.00839000,361.22063370
772,2023-12-14 18:12:53.999,43050.87000000,43053.71000000,43050.86000000,1.48236000,63820.91255260
773,2023-12-14 18:12:54.999,43050.86000000,43050.87000000,43050.86000000,0.33226000,14304.07907130
774,2023-12-14 18:12:55.999,43050.86000000,43050.87000000,43050.86000000,0.00838000,360.76621440
775,2023-12-14 18:12:56.999,43050.74000000,43050.87000000,43050.74000000,0.05908000,2543.44458010
776,2023-12-14 18:12:57.999,43048.95000000,43050.73000000,43048.95000000,0.04902000,2110.32571100
777,2023-12-14 18:12:58.999,43048.00000000,43048.80000000,43048.00000000,0.02418000,1040.90874730
778,2023-12-14 18:12:59.999,43041.11000000,43047.84000000,43041.10000000,1.03892000,44722.64106090
779,2023-12-14 18:13:00.999,43041.10000000,43041.11000000,43041.10000000,0.54824000,23596.85796780
780,2023-12-14 18:13:01.999,43034.71000000,43041.11000000,43034.71000000,3.39213000,145997.54479730
781,2023-12-14 18:13:02.999,43034.71000000,43034.71000000,43034.71000000,0.50143000,21578.89463530
782,2023-12-14 18:13:03.999,43034.72000000,43034.72000000,43034.71000000,0.01220000,525.02351660
783,2023-12-14 18:13:04.999,43034.71000000,43034.72000000,43034.71000000,0.02950000,1269.52412390
784,2023-12-14 18:13:05.999,43030.99000000,43034.72000000,43023.54000000,10.11642000,435334.23889150
785,2023-12-14 18:13:06.999,43030.98000000,43030.99000000,43030.98000000,0.20879000,8984.43879210
786,2023-12-14 18:13:07.999,43030.99000000,43030.99000000,43030.98000000,0.25416000,10936.75627990
787,2023-12-14 18:13:08.999,43034.03000000,43034.03000000,43030.98000000,0.14404000,6198.27909590
788,2023-12-14 18:13:09.999,43034.02000000,43034.03000000,43034.02000000,0.53572000,23054.18520610
789,2023-12-14 18:13:10.999,43034.02000000,43034.03000000,43034.02000000,0.53567000,23052.03882630
790,2023-12-14 18:13:11.999,43034.03000000,43034.03000000,43034.03000000,0.00073000,31.41484190
791,2023-12-14 18:13:12.999,43034.02000000,43034.03000000,43034.02000000,0.03337000,1436.04526140
792,2023-12-14 18:13:13.999,43030.06000000,43034.02000000,43030.06000000,1.34108000,57711.52747300
793,2023-12-14 18:13:14.999,43025.09000000,43030.07000000,43025.09000000,0.54658000,23519.18924800
794,2023-12-14 18:13:15.999,43025.08000000,43025.09000000,43025.08000000,0.05775000,2484.69871510
795,2023-12-14 18:13:16.999,43025.08000000,43025.09000000,43025.08000000,0.03717000,1599.24232090
796,2023-12-14 18:13:17.999,43025.09000000,43025.09000000,43025.08000000,0.00361000,155.32055120
797,2023-12-14 18:13:18.999,43025.09000000,43025.09000000,43025.08000000,0.04155000,1787.69235260
798,2023-12-14 18:13:19.999,43025.09000000,43025.09000000,43025.08000000,1.03959000,44728.44754060
799,2023-12-14 18:13:20.999,43025.09000000,43025.09000000,43025.08000000,0.22520000,9689.25015300
800,2023-12-14 18:13:21.999,43025.11000000,43025.12000000,43025.11000000,0.11115000,4782.24191740
801,2023-12-14 18:13:22.999,43025.11000000,43025.12000000,43025.11000000,0.12944000,5569.17129670
802,2023-12-14 18:13:23.999,43025.12000000,43025.12000000,43025.11000000,0.02358000,1014.53209880
803,2023-12-14 18:13:24.999,43025.11000000,43025.11000000,43025.11000000,0.51816000,22293.89099760
804,2023-12-14 18:13:25.999,43040.11000000,43040.11000000,43025.11000000,1.60949000,69259.65783870
805,2023-12-14 18:13:26.999,43040.10000000,43040.10000000,43040.10000000,0.38229000,16453.79982900
806,2023-12-14 18:13:27.999,43040.11000000,43040.11000000,43040.10000000,0.07504000,3229.72985110
807,2023-12-14 18:13:28.999,43050.08000000,43050.08000000,43040.11000000,0.98006000,42189.04818590
808,2023-12-14 18:13:29.999,43050.07000000,43050.07000000,43050.07000000,0.02750000,1183.87692500
809,2023-12-14 18:13:30.999,43050.07000000,43050.08000000,43050.07000000,0.01106000,476.13377900
810,2023-12-14 18:13:31.999,43050.08000000,43050.08000000,43050.07000000,0.21601000,9299.24772900
811,2023-12-14 18:13:32.999,43050.07000000,43050.07000000,43050.07000000,0.68341000,29420.84833870
812,2023-12-14 18:13:33.999,43050.07000000,43050.08000000,43050.07000000,0.00244000,105.04217850
813,2023-12-14 18:13:34.999,43050.08000000,43050.08000000,43050.07000000,0.06457000,2779.74360520
814,2023-12-14 18:13:35.999,43050.07000000,43050.08000000,43050.07000000,0.01921000,826.99200680
815,2023-12-14 18:13:36.999,43050.07000000,43050.08000000,43050.07000000,0.00411000,176.93578970
816,2023-12-14 18:13:37.999,43050.08000000,43050.08000000,43050.07000000,0.50493000,21737.27684790
817,2023-12-14 18:13:38.999,43047.92000000,43050.07000000,43047.92000000,1.49623000,64412.47054000
818,2023-12-14 18:13:39.999,43044.62000000,43047.92000000,43044.62000000,0.80929000,34837.80099040
819,2023-12-14 18:13:40.999,43044.48000000,43044.48000000,43044.47000000,0.39379000,16950.48400140
820,2023-12-14 18:13:41.999,43044.47000000,43044.48000000,43044.47000000,0.06811000,2931.75885420
821,2023-12-14 18:13:42.999,43044.48000000,43044.48000000,43044.48000000,0.01431000,615.96650880
822,2023-12-14 18:13:43.999,43044.47000000,43044.48000000,43044.47000000,0.27721000,11932.36016220
823,2023-12-14 18:13:44.999,43044.48000000,43044.48000000,43044.48000000,0.02515000,1082.56867200
824,2023-12-14 18:13:45.999,43044.48000000,43044.48000000,43044.48000000,0.00000000,0.00000000
825,2023-12-14 18:13:46.999,43044.47000000,43044.48000000,43044.47000000,0.00078000,33.57468910
826,2023-12-14 18:13:47.999,43044.48000000,43044.48000000,43044.47000000,0.03257000,1401.95869740
827,2023-12-14 18:13:48.999,43044.47000000,43044.48000000,43044.47000000,0.00106000,45.62714310
828,2023-12-14 18:13:49.999,43044.48000000,43044.48000000,43044.47000000,0.04849000,2087.22682200
829,2023-12-14 18:13:50.999,43044.47000000,43044.47000000,43044.47000000,0.00050000,21.52223500
830,2023-12-14 18:13:51.999,43044.48000000,43044.48000000,43044.48000000,0.00104000,44.76625920
831,2023-12-14 18:13:52.999,43044.47000000,43044.48000000,43044.47000000,0.00397000,170.88654840
832,2023-12-14 18:13:53.999,43044.48000000,43044.48000000,43044.47000000,1.01459000,43672.49867570
833,2023-12-14 18:13:54.999,43046.63000000,43046.63000000,43044.47000000,0.52383000,22547.99931190
834,2023-12-14 18:13:55.999,43046.63000000,43046.63000000,43046.62000000,0.13798000,5939.57350720
835,2023-12-14 18:13:56.999,43046.63000000,43046.63000000,43046.63000000,0.02322000,999.54274860
836,2023-12-14 18:13:57.999,43046.63000000,43046.63000000,43046.62000000,0.04394000,1891.46871380
837,2023-12-14 18:13:58.999,43046.63000000,43046.63000000,43046.62000000,0.01008000,433.90994910
838,2023-12-14 18:13:59.999,43046.63000000,43046.63000000,43046.62000000,0.12196000,5249.96666240
839,2023-12-14 18:14:00.999,43046.63000000,43046.63000000,43046.62000000,0.04679000,2014.15157620
840,2023-12-14 18:14:01.999,43046.62000000,43046.63000000,43046.62000000,0.02715000,1168.71593360
841,2023-12-14 18:14:02.999,43044.48000000,43046.62000000,43044.48000000,0.98742000,42504.72434770
842,2023-12-14 18:14:03.999,43044.47000000,43044.48000000,43044.47000000,0.02285000,983.56615620
843,2023-12-14 18:14:04.999,43044.47000000,43044.48000000,43044.47000000,0.04060000,1747.60584360
844,2023-12-14 18:14:05.999,43044.47000000,43044.48000000,43044.47000000,0.03021000,1300.37344620
845,2023-12-14 18:14:06.999,43044.48000000,43044.48000000,43044.47000000,0.05451000,2346.35434430
846,2023-12-14 18:14:07.999,43044.47000000,43044.48000000,43044.47000000,0.23120000,9951.88340140
847,2023-12-14 18:14:08.999,43044.48000000,43044.48000000,43044.47000000,0.04357000,1875.44799120
848,2023-12-14 18:14:09.999,43044.47000000,43044.47000000,43044.47000000,0.00255000,109.76339850
849,2023-12-14 18:14:10.999,43044.48000000,43044.48000000,43044.47000000,0.01199000,516.10330910
850,2023-12-14 18:14:11.999,43044.47000000,43044.48000000,43044.47000000,0.04041000,1739.42741480
851,2023-12-14 18:14:12.999,43044.47000000,43044.48000000,43044.47000000,0.02263000,974.09641530
852,2023-12-14 18:14:13.999,43044.47000000,43044.48000000,43044.47000000,0.01211000,521.26856650
853,2023-12-14 18:14:14.999,43044.47000000,43044.47000000,43044.47000000,0.02685000,1155.74401950
854,2023-12-14 18:14:15.999,43044.47000000,43044.48000000,43044.47000000,0.03432000,1477.28630740
855,2023-12-14 18:14:16.999,43044.47000000,43044.48000000,43044.47000000,0.00166000,71.45382710
856,2023-12-14 18:14:17.999,43044.48000000,43044.48000000,43044.47000000,0.12182000,5243.67848650
857,2023-12-14 18:14:18.999,43044.48000000,43044.48000000,43044.47000000,0.08986000,3867.97687320
858,2023-12-14 18:14:19.999,43044.47000000,43044.48000000,43044.47000000,0.02987000,1285.73855810
859,2023-12-14 18:14:20.999,43053.72000000,43053.72000000,43044.47000000,7.77054000,334499.50716400
860,2023-12-14 18:14:21.999,43056.30000000,43056.30000000,43053.72000000,0.50561000,21769.36800080
861,2023-12-14 18:14:22.999,43056.29000000,43056.29000000,43056.29000000,0.01692000,728.51242680
862,2023-12-14 18:14:23.999,43056.29000000,43056.29000000,43056.29000000,0.03837000,1652.06984730
863,2023-12-14 18:14:24.999,43055.49000000,43056.30000000,43055.49000000,1.03916000,44742.37015540
864,2023-12-14 18:14:25.999,43050.69000000,43054.77000000,43050.69000000,0.80822000,34797.34851880
865,2023-12-14 18:14:26.999,43045.41000000,43050.69000000,43045.41000000,0.49538000,21324.99787600
866,2023-12-14 18:14:27.999,43045.41000000,43045.41000000,43045.41000000,0.00000000,0.00000000
867,2023-12-14 18:14:28.999,43044.47000000,43045.41000000,43044.47000000,0.03072000,1322.35064210
868,2023-12-14 18:14:29.999,43038.02000000,43044.47000000,43038.02000000,0.19696000,8477.49004810
869,2023-12-14 18:14:30.999,43040.17000000,43040.17000000,43038.01000000,1.53545000,66084.06355130
870,2023-12-14 18:14:31.999,43040.17000000,43040.17000000,43040.17000000,0.00000000,0.00000000
871,2023-12-14 18:14:32.999,43040.17000000,43040.17000000,43040.17000000,0.00023000,9.89923910
872,2023-12-14 18:14:33.999,43040.16000000,43040.17000000,43040.16000000,0.13995000,6023.47051070
873,2023-12-14 18:14:34.999,43040.16000000,43040.17000000,43040.16000000,0.17386000,7482.96321020
874,2023-12-14 18:14:35.999,43040.17000000,43040.17000000,43040.17000000,0.01674000,720.49244580
875,2023-12-14 18:14:36.999,43040.16000000,43040.17000000,43040.16000000,1.01033000,43484.77493250
876,2023-12-14 18:14:37.999,43040.17000000,43040.17000000,43040.16000000,0.07763000,3341.20764990
877,2023-12-14 18:14:38.999,43040.17000000,43040.17000000,43040.16000000,0.00252000,108.46121130
878,2023-12-14 18:14:39.999,43040.17000000,43040.17000000,43040.16000000,0.00436000,187.65510920
879,2023-12-14 18:14:40.999,43040.17000000,43040.17000000,43040.16000000,0.51683000,22244.45090780
880,2023-12-14 18:14:41.999,43040.17000000,43040.17000000,43040.16000000,0.05705000,2455.44160560
881,2023-12-14 18:14:42.999,43040.16000000,43040.17000000,43040.16000000,0.02214000,952.90916120
882,2023-12-14 18:14:43.999,43040.17000000,43040.17000000,43040.17000000,0.00916000,394.24795720
883,2023-12-14 18:14:44.999,43040.17000000,43040.17000000,43040.16000000,0.09072000,3904.60395120
884,2023-12-14 18:14:45.999,43040.16000000,43040.17000000,43040.16000000,0.02066000,889.20987990
885,2023-12-14 18:14:46.999,43040.16000000,43040.16000000,43040.16000000,0.00000000,0.00000000
886,2023-12-14 18:14:47.999,43040.17000000,43040.17000000,43040.16000000,0.03001000,1291.63528280
887,2023-12-14 18:14:48.999,43040.16000000,43040.17000000,43040.16000000,0.04441000,1911.41357520
888,2023-12-14 18:14:49.999,43040.16000000,43040.17000000,43040.16000000,0.01211000,521.21637840
889,2023-12-14 18:14:50.999,43040.17000000,43040.17000000,43040.16000000,0.51123000,22003.42609850
890,2023-12-14 18:14:51.999,43040.16000000,43040.16000000,43040.16000000,0.00282000,121.37325120
891,2023-12-14 18:14:52.999,43049.98000000,43050.63000000,43040.17000000,3.91106000,168365.36129590
892,2023-12-14 18:14:53.999,43049.98000000,43049.98000000,43049.97000000,0.31741000,13664.49410960
893,2023-12-14 18:14:54.999,43049.97000000,43049.98000000,43049.97000000,0.00497000,213.95837020
894,2023-12-14 18:14:55.999,43049.98000000,43049.98000000,43049.97000000,0.00863000,371.52127740
895,2023-12-14 18:14:56.999,43049.97000000,43049.98000000,43049.97000000,0.01752000,754.23547930
896,2023-12-14 18:14:57.999,43049.98000000,43049.98000000,43049.97000000,0.00405000,174.35238080
897,2023-12-14 18:14:58.999,43049.97000000,43049.98000000,43049.97000000,0.00399000,171.76938210
898,2023-12-14 18:14:59.999,43049.97000000,43049.98000000,43049.97000000,0.05139000,2212.33811080
899,2023-12-14 18:15:00.999,43049.98000000,43049.98000000,43049.97000000,0.63822000,27475.35662540
900,2023-12-14 18:15:01.999,43049.97000000,43049.97000000,43049.97000000,0.00171000,73.61544870
901,2023-12-14 18:15:02.999,43049.98000000,43049.98000000,43049.98000000,0.00166000,71.46296680
902,2023-12-14 18:15:03.999,43053.35000000,43053.35000000,43049.97000000,0.85375000,36754.68756830
903,2023-12-14 18:15:04.999,43053.36000000,43053.36000000,43053.35000000,0.05035000,2167.73639750
904,2023-12-14 18:15:05.999,43053.36000000,43053.36000000,43053.35000000,1.23784000,53293.15931920
905,2023-12-14 18:15:06.999,43053.35000000,43053.36000000,43053.35000000,0.03289000,1416.02473450
906,2023-12-14 18:15:07.999,43053.35000000,43053.35000000,43053.35000000,0.02265000,975.15837750
907,2023-12-14 18:15:08.999,43053.36000000,43053.36000000,43053.36000000,0.14024000,6037.80320640
908,2023-12-14 18:15:09.999,43053.36000000,43053.36000000,43053.36000000,0.15281000,6578.98394160
909,2023-12-14 18:15:10.999,43053.35000000,43053.36000000,43053.35000000,0.01294000,557.11036010
910,2023-12-14 18:15:11.999,43053.35000000,43053.36000000,43053.35000000,0.00293000,126.14631670
911,2023-12-14 18:15:12.999,43060.98000000,43060.98000000,43053.36000000,0.74752000,32186.06266470
912,2023-12-14 18:15:13.999,43060.98000000,43060.98000000,43060.97000000,0.54378000,23415.69961810
913,2023-12-14 18:15:14.999,43060.97000000,43060.98000000,43060.97000000,0.11839000,5097.98915830
914,2023-12-14 18:15:15.999,43060.97000000,43060.97000000,43060.97000000,1.96692000,84697.48311240
915,2023-12-14 18:15:16.999,43060.98000000,43060.98000000,43060.97000000,0.03835000,1651.38849640
916,2023-12-14 18:15:17.999,43060.98000000,43060.98000000,43060.97000000,0.03283000,1413.69171880
917,2023-12-14 18:15:18.999,43058.14000000,43060.98000000,43058.14000000,1.08129000,46561.29788550
918,2023-12-14 18:15:19.999,43059.84000000,43059.84000000,43058.15000000,0.79310000,34150.06161170
919,2023-12-14 18:15:20.999,43059.96000000,43059.96000000,43059.84000000,0.00411000,176.97601680
920,2023-12-14 18:15:21.999,43060.97000000,43060.98000000,43060.12000000,1.13696000,48957.86778700
921,2023-12-14 18:15:22.999,43090.39000000,43090.39000000,43060.98000000,10.18782000,438843.26732730
922,2023-12-14 18:15:23.999,43083.03000000,43092.75000000,43083.03000000,8.08522000,348400.34146840
923,2023-12-14 18:15:24.999,43079.40000000,43082.51000000,43079.39000000,0.35421000,15260.03073550
924,2023-12-14 18:15:25.999,43075.70000000,43079.39000000,43075.69000000,1.31069000,56460.57104440
925,2023-12-14 18:15:26.999,43071.56000000,43075.69000000,43071.55000000,0.40713000,17536.45429320
926,2023-12-14 18:15:27.999,43071.55000000,43071.56000000,43071.55000000,0.02387000,1028.11795790
927,2023-12-14 18:15:28.999,43071.55000000,43071.56000000,43071.55000000,0.04986000,2147.54796760
928,2023-12-14 18:15:29.999,43071.55000000,43071.56000000,43071.55000000,0.26815000,11549.63815160
929,2023-12-14 18:15:30.999,43071.55000000,43071.56000000,43071.55000000,0.02569000,1106.50819650
930,2023-12-14 18:15:31.999,43071.56000000,43071.56000000,43071.56000000,0.04801000,2067.86559560
931,2023-12-14 18:15:32.999,43069.40000000,43071.55000000,43069.40000000,2.54520000,109624.00404110
932,2023-12-14 18:15:33.999,43069.36000000,43069.37000000,43069.36000000,0.74449000,32064.71499010
933,2023-12-14 18:15:34.999,43067.24000000,43069.36000000,43067.24000000,0.23468000,10107.49572750
934,2023-12-14 18:15:35.999,43067.22000000,43067.22000000,43067.21000000,0.28322000,12197.49779500
935,2023-12-14 18:15:36.999,43067.22000000,43067.22000000,43067.21000000,0.27742000,11947.70768890
936,2023-12-14 18:15:37.999,43057.36000000,43067.21000000,43057.36000000,0.82799000,35656.37838220
937,2023-12-14 18:15:38.999,43057.21000000,43057.21000000,43057.20000000,0.00109000,46.93235420
938,2023-12-14 18:15:39.999,43053.31000000,43057.21000000,43053.31000000,0.21514000,9263.18301380
939,2023-12-14 18:15:40.999,43053.31000000,43053.32000000,43053.31000000,0.41806000,17998.87082940
940,2023-12-14 18:15:41.999,43055.46000000,43055.46000000,43053.32000000,0.43892000,18897.46782280
941,2023-12-14 18:15:42.999,43055.46000000,43055.46000000,43055.46000000,0.05702000,2455.02232920
942,2023-12-14 18:15:43.999,43055.46000000,43055.47000000,43055.46000000,0.52383000,22553.74676880
943,2023-12-14 18:15:44.999,43057.97000000,43057.97000000,43055.46000000,0.07629000,3284.77369130
944,2023-12-14 18:15:45.999,43057.97000000,43057.97000000,43057.96000000,0.00651000,280.30732170
945,2023-12-14 18:15:46.999,43057.97000000,43057.97000000,43057.97000000,0.10000000,4305.79700000
946,2023-12-14 18:15:47.999,43057.96000000,43057.97000000,43057.96000000,0.00102000,43.91912380
947,2023-12-14 18:15:48.999,43057.97000000,43057.97000000,43057.97000000,0.00295000,127.02101150
948,2023-12-14 18:15:49.999,43057.96000000,43057.97000000,43057.96000000,0.40890000,17606.39986880
949,2023-12-14 18:15:50.999,43053.31000000,43057.96000000,43053.31000000,1.77427000,76394.83595580
950,2023-12-14 18:15:51.999,43051.61000000,43053.31000000,43051.60000000,1.10256000,47468.27937510
951,2023-12-14 18:15:52.999,43046.58000000,43051.60000000,43046.57000000,0.27470000,11825.95655390
952,2023-12-14 18:15:53.999,43046.58000000,43046.58000000,43046.58000000,0.52073000,22415.64560340
953,2023-12-14 18:15:54.999,43046.58000000,43046.58000000,43046.57000000,0.01772000,762.78525040
954,2023-12-14 18:15:55.999,43046.58000000,43046.58000000,43046.57000000,0.02354000,1013.31648160
955,2023-12-14 18:15:56.999,43046.58000000,43046.58000000,43046.58000000,0.00281000,120.96088980
956,2023-12-14 18:15:57.999,43046.58000000,43046.58000000,43046.58000000,0.00166000,71.45732280
957,2023-12-14 18:15:58.999,43046.58000000,43046.58000000,43046.57000000,0.34621000,14903.15632380
958,2023-12-14 18:15:59.999,43046.57000000,43046.58000000,43046.57000000,0.05025000,2163.09038280
959,2023-12-14 18:16:00.999,43048.20000000,43048.20000000,43046.57000000,0.16106000,6933.25306050
960,2023-12-14 18:16:01.999,43048.19000000,43048.20000000,43048.19000000,0.68203000,29360.15733520
961,2023-12-14 18:16:02.999,43048.19000000,43048.20000000,43048.19000000,0.00335000,144.21146850
962,2023-12-14 18:16:03.999,43056.57000000,43056.57000000,43048.20000000,1.60252000,68988.85657770
963,2023-12-14 18:16:04.999,43056.57000000,43056.58000000,43056.57000000,0.06453000,2778.44101880
964,2023-12-14 18:16:05.999,43056.58000000,43056.58000000,43056.57000000,0.00873000,375.88386410
965,2023-12-14 18:16:06.999,43056.58000000,43056.58000000,43056.58000000,0.03711000,1597.82968380
966,2023-12-14 18:16:07.999,43056.57000000,43056.58000000,43056.57000000,0.02266000,975.66199200
967,2023-12-14 18:16:08.999,43056.58000000,43056.58000000,43056.57000000,0.01418000,610.54218140
968,2023-12-14 18:16:09.999,43056.57000000,43056.57000000,43056.57000000,0.00440000,189.44890800
969,2023-12-14 18:16:10.999,43056.58000000,43056.58000000,43056.57000000,0.44636000,19218.73503810
970,2023-12-14 18:16:11.999,43056.57000000,43056.57000000,43056.57000000,0.08074000,3476.38746180
971,2023-12-14 18:16:12.999,43054.50000000,43056.58000000,43054.50000000,0.72016000,31007.50400940
972,2023-12-14 18:16:13.999,43052.23000000,43054.42000000,43052.23000000,1.57850000,67957.98511770
973,2023-12-14 18:16:14.999,43052.24000000,43052.24000000,43052.23000000,0.00530000,228.17687030
974,2023-12-14 18:16:15.999,43052.23000000,43052.23000000,43052.23000000,0.03093000,1331.60547390
975,2023-12-14 18:16:16.999,43052.23000000,43052.24000000,43052.23000000,0.11859000,5105.56511140
976,2023-12-14 18:16:17.999,43052.23000000,43052.23000000,43052.23000000,0.05852000,2519.41649960
977,2023-12-14 18:16:18.999,43052.23000000,43052.24000000,43052.23000000,0.06904000,2972.32624800
978,2023-12-14 18:16:19.999,43052.24000000,43052.24000000,43052.23000000,0.05978000,2573.66249910
979,2023-12-14 18:16:20.999,43052.24000000,43052.24000000,43052.23000000,0.00451000,194.16559240
980,2023-12-14 18:16:21.999,43052.23000000,43052.23000000,43052.23000000,0.00684000,294.47725320
981,2023-12-14 18:16:22.999,43052.23000000,43052.24000000,43052.23000000,0.02558000,1101.27629560
982,2023-12-14 18:16:23.999,43053.29000000,43053.30000000,43052.23000000,0.60132000,25888.73042140
983,2023-12-14 18:16:24.999,43053.71000000,43053.71000000,43053.30000000,0.02779000,1196.45695190
984,2023-12-14 18:16:25.999,43053.71000000,43053.71000000,43053.71000000,0.01060000,456.36932600
985,2023-12-14 18:16:26.999,43053.71000000,43053.72000000,43053.71000000,0.00815000,350.88780180
986,2023-12-14 18:16:27.999,43053.71000000,43053.72000000,43053.71000000,0.00740000,318.59746080
987,2023-12-14 18:16:28.999,43053.71000000,43053.71000000,43053.71000000,0.03028000,1303.66633880
988,2023-12-14 18:16:29.999,43053.72000000,43053.72000000,43053.71000000,0.00661000,284.58508310
989,2023-12-14 18:16:30.999,43053.71000000,43053.72000000,43053.71000000,0.03440000,1481.04775860
990,2023-12-14 18:16:31.999,43053.72000000,43053.72000000,43053.71000000,0.00269000,115.81449830
